t_host,t_dev_ms,x_mm,y_mm,h_cdeg,ox_mm,oy_mm,oh_cdeg
-0.836,370121,-187,588,62156,-39,596,-10644
-0.791,370177,-187,588,62156,-39,596,-10644
-0.677,370289,-187,588,62156,-39,596,-10644
-0.510,370457,-187,588,62156,-39,596,-10643
-0.455,370513,-187,588,62156,-39,596,-10643
-0.401,370569,-187,588,62156,-39,596,-10643
-0.343,370625,-187,588,62156,-39,596,-10643
-0.283,370681,-187,588,62156,-39,596,-10643
-0.221,370737,-187,588,62156,-39,596,-10643
-0.109,370849,-187,588,62156,-39,596,-10643
-0.061,370905,-187,588,62156,-39,596,-10643
0.007,370961,-187,588,62156,-39,596,-10643
0.057,371017,-187,588,62156,-39,596,-10643
0.110,371073,-187,588,62156,-39,596,-10643
0.161,371129,-187,588,62156,-39,596,-10643
0.275,371241,-187,588,62156,-39,596,-10643
0.331,371297,-187,588,62156,-39,596,-10643
0.388,371353,-187,588,62156,-39,596,-10643
0.497,371465,-187,588,62156,-39,596,-10643
0.556,371522,-187,588,62156,-39,596,-10643
0.603,371573,-188,588,62156,-39,596,-10643
0.679,371645,-188,586,62172,-39,595,-10630
0.899,371861,-189,574,62251,-40,591,-10569
0.965,371933,-190,567,62261,-43,583,-10549
1.035,372005,-192,557,62280,-47,570,-10565
1.095,372055,-192,550,62254,-47,570,-10565
1.229,372197,-195,530,62191,-52,554,-10619
1.300,372269,-197,521,62156,-56,540,-10667
1.371,372341,-198,512,62156,-60,527,-10680
1.447,372413,-199,504,62156,-60,527,-10680
1.587,372557,-202,487,62156,-67,502,-10690
1.662,372629,-203,478,62162,-67,502,-10690
1.731,372701,-204,470,62165,-71,490,-10696
1.818,372775,-205,461,62184,-74,477,-10688
1.887,372845,-207,453,62172,-74,477,-10688
1.952,372917,-208,444,62172,-78,465,-10696
2.023,372989,-209,436,62175,-82,452,-10698
2.091,373061,-210,427,62175,-82,452,-10698
2.163,373133,-212,418,62156,-86,440,-10699
2.238,373205,-213,410,62175,-86,440,-10699
2.314,373277,-214,402,62156,-90,428,-10693
2.384,373349,-215,393,62165,-93,416,-10698
2.534,373495,-218,376,62165,-97,403,-10698
2.595,373565,-219,367,62156,-101,391,-10703
2.668,373637,-220,359,62156,-101,391,-10703
2.739,373709,-222,350,62146,-105,379,-10711
2.817,373781,-223,342,62156,-109,366,-10716
2.883,373853,-224,333,62156,-109,366,-10716
2.958,373925,-226,325,62146,-113,355,-10704
3.028,373997,-227,316,62156,-117,342,-10695
3.175,374141,-229,299,62156,-121,329,-10704
3.250,374213,-231,291,62140,-121,329,-10704
3.315,374285,-232,282,62121,-125,317,-10751
3.387,374357,-233,273,62131,-129,305,-10755
3.531,374501,-236,256,62146,-133,292,-10749
3.603,374573,-237,247,62146,-137,279,-10744
3.679,374645,-239,239,62150,-137,279,-10744
3.747,374717,-240,230,62165,-141,267,-10747
3.902,374863,-242,213,62156,-145,255,-10744
3.978,374933,-244,205,62172,-149,243,-10743
4.034,375005,-245,196,62181,-153,230,-10732
4.107,375077,-246,187,62175,-153,230,-10732
4.182,375149,-247,179,62150,-156,217,-10743
4.254,375221,-249,170,62156,-156,217,-10743
4.326,375293,-250,162,62146,-160,205,-10750
4.412,375365,-251,153,62162,-164,194,-10742
4.473,375437,-252,145,62175,-164,194,-10742
4.540,375509,-254,137,62156,-168,182,-10739
4.623,375583,-255,128,62146,-172,169,-10753
4.757,375725,-257,111,62175,-176,157,-10741
4.828,375797,-259,102,62172,-180,145,-10738
4.908,375869,-260,94,62156,-180,145,-10738
4.978,375941,-261,85,62146,-184,133,-10759
5.042,376013,-262,77,62156,-188,121,-10759
5.126,376085,-264,68,62156,-188,121,-10759
5.190,376157,-265,59,62156,-192,109,-10760
5.267,376229,-266,51,62146,-192,109,-10760
5.331,376301,-268,42,62140,-197,96,-10774
5.477,376445,-270,25,62146,-201,84,-10769
5.554,376517,-272,17,62172,-205,72,-10775
5.619,376589,-273,8,62156,-209,60,-10773
5.692,376661,-274,0,62156,-209,60,-10773
5.837,376805,-277,-18,62146,-218,35,-10785
5.908,376877,-278,-26,62140,-218,35,-10785
5.967,376927,-279,-32,62165,-222,23,-10796
6.028,376997,-280,-41,62146,-222,23,-10796
6.101,377069,-281,-49,62172,-226,10,-10789
6.243,377213,-284,-66,62191,-230,-1,-10775
6.316,377285,-285,-75,62191,-234,-13,-10778
6.386,377357,-286,-83,62184,-238,-25,-10782
6.652,377573,-290,-109,62200,-242,-37,-10775
6.678,377645,-291,-117,62181,-246,-49,-10753
6.748,377717,-292,-126,62191,-250,-61,-10766
6.820,377789,-294,-134,62165,-250,-61,-10766
6.896,377861,-295,-143,62156,-255,-74,-10785
6.964,377933,-296,-151,62131,-259,-86,-10810
7.042,378005,-298,-160,62131,-259,-86,-10810
7.115,378077,-299,-168,62137,-263,-98,-10822
7.180,378149,-300,-177,62140,-267,-110,-10813
7.256,378221,-301,-186,62146,-267,-110,-10813
7.373,378341,-303,-200,62172,-272,-122,-10787
7.460,378413,-305,-208,62175,-276,-135,-10792
7.515,378485,-306,-217,62146,-280,-148,-10800
7.593,378557,-307,-226,62156,-280,-148,-10800
7.733,378701,-310,-243,62156,-288,-172,-10809
7.806,378773,-311,-251,62165,-288,-172,-10809
7.877,378845,-312,-260,62146,-292,-184,-10817
7.950,378917,-314,-269,62140,-292,-184,-10817
8.027,378989,-315,-277,62156,-297,-197,-10819
8.094,379061,-316,-286,62156,-301,-209,-10807
8.169,379133,-318,-294,62172,-301,-209,-10807
8.240,379205,-319,-303,62146,-305,-221,-10811
8.314,379277,-320,-311,62137,-309,-233,-10847
8.397,379349,-321,-320,62146,-309,-233,-10847
8.456,379421,-323,-328,62162,-313,-245,-10849
8.525,379493,-324,-337,62156,-318,-257,-10847
8.596,379565,-325,-345,62156,-318,-257,-10847
8.705,379637,-326,-354,62156,-322,-269,-10835
8.779,379709,-328,-362,62156,-326,-281,-10826
8.819,379781,-329,-371,62172,-326,-281,-10826
8.958,379925,-331,-387,62175,-330,-293,-10816
9.028,379997,-332,-392,62156,-334,-305,-10810
9.099,380069,-332,-394,62165,-336,-310,-10791
9.184,380141,-332,-395,62096,-336,-310,-10791
9.318,380285,-333,-398,62146,-337,-313,-10809
9.401,380357,-333,-399,62191,-337,-313,-10809
9.629,380593,-333,-402,62216,-338,-318,-10739
9.729,380665,-333,-402,62216,-338,-318,-10738
9.767,380737,-333,-402,62216,-338,-318,-10738
9.840,380809,-333,-402,62216,-338,-318,-10738
9.983,380953,-333,-402,62216,-338,-318,-10738
10.054,381025,-333,-402,62216,-338,-318,-10738
10.144,381097,-333,-402,62216,-338,-318,-10737
10.222,381169,-333,-402,62216,-338,-318,-10737
10.275,381241,-333,-402,62216,-338,-318,-10737
10.353,381313,-333,-402,62216,-338,-318,-10737
10.431,381385,-333,-402,62216,-338,-318,-10737
10.488,381457,-333,-402,62216,-338,-318,-10738
10.558,381529,-333,-402,62216,-338,-318,-10738
10.720,381673,-333,-402,62216,-338,-318,-10738
10.788,381747,-333,-402,62216,-338,-318,-10737
10.889,381857,-333,-402,62216,-338,-318,-10737
11.014,381969,-333,-402,62216,-338,-318,-10737
11.110,382081,-333,-402,62216,-338,-318,-10737
11.170,382137,-333,-402,62216,-338,-318,-10737
11.232,382193,-333,-402,62216,-338,-318,-10737
11.282,382249,-333,-402,62216,-338,-318,-10737
11.342,382305,-333,-402,62216,-338,-318,-10737
11.391,382361,-333,-402,62216,-338,-318,-10737
11.504,382473,-333,-402,62216,-338,-318,-10737
11.559,382529,-333,-402,62216,-338,-318,-10737
11.621,382589,-333,-402,62245,-338,-318,-10737
11.694,382661,-334,-402,62349,-338,-318,-10719
11.763,382733,-334,-403,62483,-338,-318,-10719
11.836,382805,-334,-404,62746,-338,-319,-10577
12.089,383021,-333,-406,64941,-337,-320,-8837
12.127,383093,-333,-406,65877,-336,-320,-7352
12.195,383165,-334,-406,66816,-336,-320,-7352
12.340,383309,-333,-406,68262,-334,-319,-5039
12.415,383381,-332,-407,68960,-334,-319,-5039
12.500,383453,-331,-407,69804,-332,-320,-3863
12.563,383525,-331,-407,70670,-332,-319,-2509
12.716,383686,-330,-408,71628,-332,-319,-1466
12.840,383809,-330,-408,71628,-331,-319,-1429
12.911,383881,-330,-408,71628,-331,-319,-1432
13.056,384025,-330,-408,71628,-331,-319,-1432
13.126,384097,-330,-408,71628,-331,-319,-1432
13.210,384169,-330,-408,71628,-331,-319,-1432
13.271,384241,-330,-408,71628,-331,-319,-1432
13.347,384313,-330,-408,71628,-331,-319,-1433
13.420,384385,-330,-408,71628,-331,-319,-1433
13.492,384457,-330,-408,71628,-331,-319,-1433
13.566,384529,-330,-408,71628,-331,-319,-1433
13.639,384601,-330,-408,71628,-331,-319,-1433
13.709,384673,-330,-408,71628,-331,-319,-1434
13.782,384745,-330,-408,71628,-331,-319,-1434
13.851,384817,-330,-408,71628,-331,-319,-1434
13.922,384889,-330,-408,71628,-331,-319,-1434
14.045,384961,-330,-408,71628,-331,-319,-1434
14.064,385033,-330,-408,71628,-331,-319,-1435
14.211,385177,-330,-408,71628,-331,-319,-1435
14.279,385249,-330,-408,71628,-331,-319,-1435
14.351,385321,-330,-408,71628,-331,-319,-1435
14.426,385393,-330,-408,71628,-331,-319,-1435
14.505,385465,-330,-408,71628,-331,-319,-1435
14.566,385537,-330,-408,71628,-331,-319,-1435
14.639,385609,-330,-408,71628,-331,-319,-1436
14.713,385681,-330,-408,71628,-331,-319,-1436
14.786,385753,-330,-408,71628,-331,-319,-1436
14.856,385825,-330,-408,71628,-331,-319,-1436
15.000,385969,-330,-408,71628,-331,-319,-1436
15.072,386041,-330,-408,71628,-331,-319,-1436
15.142,386113,-330,-408,71628,-331,-319,-1436
15.222,386185,-330,-408,71628,-331,-319,-1436
15.360,386329,-330,-408,71628,-331,-319,-1436
15.440,386401,-330,-408,71628,-331,-319,-1437
15.502,386473,-330,-408,71628,-331,-319,-1437
15.574,386545,-330,-408,71628,-331,-319,-1437
15.734,386689,-330,-408,71628,-331,-319,-1437
15.794,386761,-330,-408,71628,-331,-319,-1437
15.868,386833,-330,-408,71628,-331,-319,-1437
15.936,386905,-330,-408,71628,-331,-319,-1438
16.011,386977,-330,-408,71628,-331,-319,-1438
16.083,387049,-330,-408,71628,-331,-319,-1438
16.157,387121,-330,-408,71628,-331,-319,-1438
16.222,387193,-330,-408,71628,-331,-319,-1438
16.300,387265,-330,-408,71628,-331,-319,-1438
16.371,387337,-330,-408,71628,-331,-319,-1438
16.441,387409,-330,-408,71628,-331,-319,-1438
16.513,387481,-330,-408,71628,-331,-319,-1439
16.663,387625,-330,-408,71628,-331,-319,-1439
16.728,387697,-330,-408,71628,-331,-319,-1439
16.800,387769,-330,-408,71628,-331,-319,-1439
16.883,387841,-330,-408,71628,-331,-319,-1439
16.944,387913,-330,-408,71628,-331,-319,-1440
17.017,387985,-330,-408,71628,-331,-319,-1440
17.096,388057,-330,-408,71628,-331,-319,-1440
17.163,388129,-330,-408,71628,-331,-319,-1441
17.304,388273,-330,-408,71628,-331,-319,-1441
17.381,388345,-330,-408,71628,-331,-319,-1441
17.446,388417,-330,-408,71628,-331,-319,-1441
17.520,388489,-330,-408,71628,-331,-319,-1441
17.672,388633,-330,-408,71628,-331,-319,-1441
17.735,388705,-330,-408,71628,-331,-319,-1442
17.806,388777,-330,-408,71628,-331,-319,-1442
17.878,388849,-330,-408,71628,-331,-319,-1442
17.951,388921,-330,-408,71628,-331,-319,-1442
18.135,389065,-330,-408,71628,-331,-319,-1443
18.168,389137,-330,-408,71628,-331,-319,-1443
18.245,389209,-330,-408,71628,-331,-319,-1443
18.316,389281,-330,-408,71628,-331,-319,-1443
18.383,389353,-330,-408,71628,-331,-319,-1443
18.456,389425,-330,-408,71628,-331,-319,-1443
18.537,389497,-330,-408,71628,-331,-319,-1443
18.615,389569,-330,-408,71628,-331,-319,-1443
18.744,389713,-330,-408,71628,-331,-319,-1444
18.816,389785,-330,-408,71628,-331,-319,-1444
18.887,389857,-330,-408,71628,-331,-319,-1444
18.960,389929,-330,-408,71628,-331,-319,-1444
19.042,390001,-330,-408,71628,-331,-319,-1444
19.107,390073,-330,-408,71628,-331,-319,-1444
19.175,390145,-330,-408,71628,-331,-319,-1444
19.246,390217,-330,-408,71628,-331,-319,-1444
19.324,390289,-330,-408,71628,-331,-319,-1445
19.393,390361,-330,-408,71628,-331,-319,-1445
19.467,390433,-330,-408,71628,-331,-319,-1445
19.595,390561,-330,-408,71628,-331,-319,-1445
19.647,390617,-330,-408,71628,-331,-319,-1445
19.702,390673,-330,-408,71628,-331,-319,-1445
19.762,390729,-330,-408,71628,-331,-319,-1445
19.814,390785,-330,-408,71628,-331,-319,-1445
19.874,390841,-330,-408,71628,-331,-319,-1446
19.926,390897,-330,-408,71628,-331,-319,-1446
19.982,390953,-330,-408,71628,-331,-319,-1446
20.057,391009,-330,-408,71628,-331,-319,-1446
20.097,391065,-330,-408,71628,-331,-319,-1446
20.214,391177,-330,-408,71628,-331,-319,-1446
20.264,391233,-330,-408,71628,-331,-319,-1446
20.319,391289,-330,-408,71628,-331,-319,-1447
20.374,391345,-330,-408,71628,-331,-319,-1447
20.436,391401,-330,-408,71628,-331,-319,-1447
20.487,391457,-330,-408,71628,-331,-319,-1447
20.542,391513,-330,-408,71628,-331,-319,-1447
20.598,391569,-330,-408,71628,-331,-319,-1447
20.657,391625,-330,-408,71628,-331,-319,-1447
20.711,391681,-330,-408,71628,-331,-319,-1447
20.826,391793,-330,-408,71628,-331,-319,-1447
20.878,391849,-330,-408,71628,-331,-319,-1447
20.935,391905,-330,-408,71628,-331,-319,-1447
21.000,391961,-330,-408,71628,-331,-320,-1448
21.056,392017,-330,-408,71628,-331,-320,-1448
21.104,392073,-330,-408,71628,-331,-320,-1448
21.164,392129,-330,-408,71628,-331,-320,-1448
21.215,392185,-330,-408,71628,-331,-320,-1448
21.286,392241,-330,-408,71628,-331,-320,-1448
21.387,392353,-330,-408,71628,-331,-320,-1448
21.438,392409,-330,-408,71628,-331,-320,-1448
21.504,392465,-330,-408,71628,-331,-320,-1448
21.554,392521,-330,-408,71628,-331,-320,-1448
21.614,392577,-330,-408,71628,-331,-320,-1448
21.667,392633,-330,-408,71628,-331,-320,-1449
21.720,392689,-330,-408,71628,-331,-320,-1449
21.778,392745,-330,-408,71628,-331,-320,-1449
21.847,392801,-330,-408,71628,-331,-320,-1449
21.899,392857,-330,-408,71628,-331,-320,-1449
22.000,392969,-330,-408,71628,-331,-320,-1449
22.055,393025,-330,-408,71628,-331,-320,-1449
22.113,393081,-330,-408,71628,-331,-320,-1449
22.168,393137,-330,-408,71628,-331,-320,-1449
22.229,393193,-330,-408,71628,-331,-320,-1449
22.281,393249,-330,-408,71628,-331,-320,-1449
22.340,393305,-330,-408,71628,-331,-320,-1449
22.393,393361,-330,-408,71628,-331,-320,-1449
22.452,393417,-330,-408,71628,-331,-320,-1450
22.514,393473,-330,-408,71628,-331,-320,-1450
22.559,393529,-330,-408,71628,-331,-320,-1450
22.617,393585,-330,-408,71628,-331,-320,-1450
22.671,393641,-330,-408,71628,-331,-320,-1450
22.728,393697,-330,-408,71628,-331,-320,-1450
22.793,393753,-330,-408,71628,-331,-320,-1450
22.843,393809,-330,-408,71628,-331,-320,-1450
22.906,393865,-330,-408,71628,-331,-320,-1450
22.954,393921,-330,-408,71628,-331,-320,-1450
23.007,393977,-330,-408,71628,-331,-320,-1450
23.066,394033,-330,-408,71628,-331,-320,-1450
23.177,394145,-330,-408,71628,-331,-320,-1451
23.231,394201,-330,-408,71628,-331,-320,-1451
23.288,394257,-330,-408,71628,-331,-320,-1451
23.347,394313,-330,-408,71628,-331,-320,-1451
23.404,394369,-330,-408,71628,-331,-320,-1451
23.456,394425,-330,-408,71628,-331,-320,-1452
23.511,394481,-330,-408,71628,-331,-320,-1452
23.568,394537,-330,-408,71628,-331,-320,-1452
23.629,394593,-330,-408,71628,-331,-320,-1452
23.682,394649,-330,-408,71628,-331,-320,-1452
23.793,394761,-330,-408,71628,-331,-320,-1452
23.846,394817,-330,-408,71628,-331,-320,-1452
23.902,394873,-330,-408,71628,-331,-320,-1452
23.974,394929,-330,-408,71628,-331,-320,-1452
24.016,394985,-330,-408,71628,-331,-320,-1453
24.071,395041,-330,-408,71628,-331,-320,-1453
24.126,395097,-330,-408,71628,-331,-320,-1453
24.183,395153,-330,-408,71628,-331,-320,-1453
24.244,395209,-330,-408,71628,-331,-320,-1453
24.297,395265,-330,-408,71628,-331,-320,-1453
24.408,395377,-330,-408,71628,-331,-320,-1453
24.475,395433,-330,-408,71628,-331,-320,-1453
24.522,395489,-330,-408,71628,-331,-320,-1453
24.576,395545,-330,-408,71628,-331,-320,-1454
24.632,395601,-330,-408,71628,-331,-320,-1454
24.692,395657,-330,-408,71628,-331,-320,-1454
24.748,395713,-330,-408,71628,-331,-320,-1454
24.799,395769,-330,-408,71628,-331,-320,-1454
24.856,395825,-330,-408,71628,-331,-320,-1454
25.022,395993,-330,-408,71628,-331,-320,-1454
25.081,396049,-330,-408,71628,-331,-320,-1454
25.136,396105,-330,-408,71628,-331,-320,-1454
25.196,396161,-330,-408,71628,-331,-320,-1454
25.249,396217,-330,-408,71628,-331,-320,-1454
25.306,396273,-330,-408,71628,-331,-320,-1454
25.369,396329,-330,-408,71628,-331,-320,-1455
25.415,396385,-330,-408,71628,-331,-320,-1455
25.474,396441,-330,-408,71628,-331,-320,-1455
25.595,396553,-330,-408,71628,-331,-320,-1455
25.639,396609,-330,-408,71628,-331,-320,-1455
25.750,396721,-330,-408,71628,-331,-320,-1455
25.806,396777,-330,-408,71628,-331,-320,-1455
25.865,396833,-330,-408,71628,-331,-320,-1455
25.919,396889,-330,-408,71628,-331,-320,-1456
25.977,396945,-330,-408,71628,-331,-320,-1456
26.035,397001,-330,-408,71628,-331,-320,-1456
26.095,397057,-330,-408,71628,-331,-320,-1456
26.199,397169,-330,-408,71628,-331,-320,-1456
26.255,397225,-330,-408,71628,-331,-320,-1456
26.320,397281,-330,-408,71628,-331,-320,-1456
26.368,397337,-330,-408,71628,-331,-320,-1456
26.425,397393,-330,-408,71628,-331,-320,-1456
26.499,397449,-330,-408,71628,-331,-320,-1457
26.535,397505,-330,-408,71628,-331,-320,-1457
26.599,397561,-330,-408,71628,-331,-320,-1457
26.650,397617,-330,-408,71628,-331,-320,-1457
26.769,397729,-330,-408,71628,-331,-320,-1457
26.816,397785,-330,-408,71628,-331,-320,-1458
26.871,397841,-330,-408,71628,-331,-320,-1458
26.928,397897,-330,-408,71628,-331,-320,-1458
27.044,398009,-330,-408,71628,-331,-320,-1458
27.096,398065,-330,-408,71628,-331,-320,-1458
27.151,398121,-330,-408,71628,-331,-320,-1458
27.216,398177,-330,-408,71628,-331,-320,-1458
27.263,398233,-330,-408,71628,-331,-320,-1458
27.379,398345,-330,-408,71628,-331,-320,-1459
27.436,398401,-330,-408,71628,-331,-320,-1459
27.487,398457,-330,-408,71628,-331,-320,-1459
27.551,398513,-330,-408,71628,-331,-320,-1459
27.602,398569,-330,-408,71628,-331,-320,-1459
27.674,398637,-330,-408,71628,-331,-320,-1459
27.750,398709,-328,-408,71682,-331,-320,-1459
27.821,398781,-324,-408,71735,-326,-321,-1334
27.961,398925,-316,-408,71786,-322,-322,-1326
28.036,398997,-310,-408,71751,-313,-324,-1369
28.086,399047,-304,-409,71742,-313,-324,-1369
28.222,399189,-284,-410,71688,-300,-328,-1451
28.364,399333,-265,-411,71656,-272,-336,-1497
28.435,399405,-256,-411,71637,-272,-336,-1497
28.507,399477,-248,-412,71637,-260,-339,-1503
28.590,399549,-240,-412,71637,-260,-339,-1503
28.738,399693,-222,-414,71612,-235,-347,-1553
28.794,399765,-213,-414,71612,-235,-347,-1553
28.939,399909,-196,-415,71599,-210,-353,-1542
29.016,399981,-188,-416,71602,-210,-353,-1542
29.084,400053,-179,-417,71602,-198,-357,-1551
29.159,400125,-170,-417,71602,-186,-361,-1570
29.226,400197,-162,-418,71593,-186,-361,-1570
29.301,400269,-153,-418,71621,-174,-364,-1565
29.375,400341,-144,-419,71612,-161,-368,-1568
29.449,400413,-136,-420,71593,-161,-368,-1568
29.527,400487,-127,-420,71609,-149,-371,-1566
29.588,400557,-118,-421,71612,-149,-371,-1566
29.663,400629,-110,-421,71628,-136,-375,-1573
29.732,400701,-101,-422,71628,-124,-378,-1578
29.805,400773,-93,-422,71631,-124,-378,-1578
29.894,400845,-84,-423,71602,-112,-382,-1585
29.949,400917,-75,-424,71628,-99,-386,-1576
30.019,400989,-66,-424,71618,-99,-386,-1576
30.091,401061,-58,-425,71634,-87,-389,-1556
30.149,401111,-52,-425,71656,-87,-389,-1556
30.214,401181,-44,-426,71643,-75,-393,-1542
30.288,401253,-35,-426,71643,-63,-396,-1546
30.359,401325,-26,-427,71672,-63,-396,-1546
30.427,401397,-18,-427,71672,-51,-400,-1536
30.500,401469,-9,-428,71653,-38,-404,-1539
30.579,401541,-1,-428,71637,-38,-404,-1539
30.705,401613,8,-429,71637,-26,-407,-1552
30.719,401685,17,-429,71634,-14,-411,-1561
30.772,401735,22,-430,71647,-14,-411,-1561
30.836,401805,31,-430,71634,-2,-414,-1576
30.918,401877,39,-431,71618,-2,-414,-1576
30.984,401949,48,-431,71618,9,-418,-1581
31.057,402021,57,-432,71621,22,-422,-1571
31.123,402093,65,-433,71621,22,-422,-1571
31.224,402165,74,-433,71618,34,-425,-1582
31.275,402237,83,-434,71609,34,-425,-1582
31.351,402309,91,-434,71621,46,-429,-1604
31.406,402359,97,-435,71618,58,-432,-1603
31.462,402429,106,-435,71628,58,-432,-1603
31.548,402501,114,-436,71628,70,-436,-1603
31.651,402573,123,-436,71618,70,-436,-1603
31.680,402645,132,-437,71609,83,-440,-1600
31.750,402717,141,-438,71609,95,-443,-1603
31.825,402789,149,-438,71637,95,-443,-1603
31.890,402861,158,-439,71628,108,-447,-1601
31.963,402933,166,-439,71618,120,-451,-1612
32.025,402983,172,-440,71628,120,-451,-1612
32.086,403053,181,-440,71637,132,-454,-1606
32.165,403125,189,-441,71637,132,-454,-1606
32.229,403197,198,-441,71634,144,-458,-1593
32.302,403269,207,-442,71647,156,-462,-1588
32.371,403341,215,-442,71656,156,-462,-1588
32.521,403485,232,-443,71637,180,-469,-1606
32.588,403557,241,-444,71628,180,-469,-1606
32.653,403607,247,-444,71637,193,-472,-1604
32.710,403677,254,-445,71628,193,-472,-1604
32.785,403749,259,-445,71618,203,-476,-1600
32.864,403821,261,-445,71618,208,-477,-1573
32.921,403893,262,-445,71548,208,-477,-1573
33.002,403965,263,-446,71593,209,-477,-1611
33.076,404037,265,-446,71637,211,-477,-1592
33.139,404109,267,-446,71656,211,-477,-1592
33.226,404198,269,-446,71682,214,-478,-1548
33.279,404249,269,-446,71682,214,-478,-1548
33.338,404305,269,-446,71682,215,-479,-1520
33.395,404361,269,-446,71682,215,-479,-1520
33.446,404417,269,-446,71682,216,-479,-1519
33.503,404473,269,-446,71682,216,-479,-1519
33.561,404529,269,-446,71682,216,-479,-1520
33.675,404641,269,-446,71682,216,-479,-1520
33.727,404697,269,-446,71682,216,-479,-1520
33.787,404753,269,-446,71682,216,-479,-1520
33.840,404809,269,-446,71682,216,-479,-1520
33.901,404865,269,-446,71682,216,-479,-1519
33.984,404921,269,-446,71682,216,-479,-1519
34.004,404973,269,-446,71682,216,-479,-1519
34.091,405045,269,-446,71777,216,-479,-1519
34.169,405117,270,-446,71900,216,-478,-1486
34.248,405189,271,-446,72119,217,-479,-1282
34.290,405261,271,-446,72579,217,-479,-1282
34.366,405333,272,-446,73258,217,-478,-589
34.509,405477,273,-446,75053,217,-478,629
34.580,405549,273,-446,76005,216,-477,2109
34.651,405621,272,-446,76906,215,-477,3517
34.723,405693,272,-446,77743,215,-477,3517
34.867,405837,272,-447,79240,213,-478,5858
34.942,405909,271,-447,79980,213,-478,5858
35.015,405981,271,-447,80598,213,-478,7041
35.218,406185,271,-448,80782,213,-479,7481
35.316,406257,271,-448,80782,213,-479,7481
35.435,406401,271,-448,80782,213,-479,7481
35.508,406473,271,-448,80782,213,-479,7481
35.573,406545,271,-448,80782,213,-479,7481
35.645,406617,271,-448,80782,213,-479,7481
35.724,406689,271,-448,80782,213,-479,7481
35.795,406761,271,-448,80782,213,-479,7481
35.865,406833,271,-448,80782,213,-479,7481
35.937,406905,271,-448,80782,213,-479,7481
36.018,406977,271,-448,80782,213,-479,7481
36.158,407121,271,-448,80782,213,-479,7481
36.298,407193,271,-448,80782,213,-479,7481
36.298,407265,271,-448,80782,213,-479,7481
36.608,407481,271,-448,80782,213,-479,7481
36.809,407697,271,-448,80782,213,-479,7481
36.810,407769,271,-448,80782,213,-479,7482
37.001,407913,271,-448,80782,213,-479,7482
37.015,407985,271,-448,80782,213,-479,7482
37.463,408417,271,-448,80782,213,-479,7482
37.519,408489,271,-448,80782,213,-479,7482
37.594,408561,271,-448,80782,213,-479,7482
37.735,408705,271,-448,80782,213,-479,7482
37.812,408777,271,-448,80782,213,-479,7482
37.881,408849,271,-448,80782,213,-479,7482
37.951,408921,271,-448,80782,213,-479,7482
38.026,408993,271,-448,80782,213,-479,7482
38.099,409065,271,-448,80782,213,-479,7482
38.173,409137,271,-448,80782,213,-479,7482
38.243,409209,271,-448,80782,213,-479,7482
38.311,409281,271,-448,80782,213,-479,7482
38.385,409353,271,-448,80782,213,-479,7482
38.459,409425,271,-448,80782,213,-479,7482
38.528,409497,271,-448,80782,213,-479,7482
38.598,409569,271,-448,80782,213,-479,7482
38.817,409641,271,-448,80782,213,-479,7482
38.820,409713,271,-448,80782,213,-479,7482
38.820,409785,271,-448,80782,213,-479,7482
38.891,409857,271,-448,80782,213,-479,7482
38.957,409929,271,-448,80782,213,-479,7482
39.179,410001,271,-448,80782,213,-479,7482
39.187,410073,271,-448,80782,213,-479,7482
39.187,410145,271,-448,80782,213,-479,7482
39.319,410289,271,-448,80782,213,-479,7482
39.536,410361,271,-448,80782,213,-479,7482
39.541,410433,271,-448,80782,213,-479,7482
39.541,410505,271,-448,80782,213,-479,7482
39.700,410649,271,-448,80782,213,-479,7482
39.892,410721,271,-448,80782,213,-479,7482
39.894,410793,271,-448,80782,213,-479,7482
39.896,410865,271,-448,80782,213,-479,7482
40.038,411009,271,-448,80782,213,-479,7482
40.262,411081,271,-448,80782,213,-479,7482
40.262,411153,271,-448,80782,213,-479,7482
40.262,411225,271,-448,80782,213,-479,7483
40.399,411369,271,-448,80782,213,-479,7483
40.564,411441,271,-448,80782,213,-479,7483
40.566,411513,271,-448,80782,213,-479,7483
40.626,411585,271,-448,80782,213,-479,7483
40.689,411657,271,-448,80782,213,-479,7483
40.763,411729,271,-448,80782,213,-479,7483
40.977,411801,271,-448,80782,213,-479,7483
40.977,411873,271,-448,80782,213,-479,7483
40.985,411945,271,-448,80782,213,-479,7483
41.047,412017,271,-448,80782,213,-479,7483
41.122,412089,271,-448,80782,213,-479,7483
41.337,412161,271,-448,80782,213,-479,7483
41.337,412233,271,-448,80782,213,-479,7483
41.337,412305,271,-448,80782,213,-479,7483
41.406,412377,271,-448,80782,213,-479,7483
41.480,412449,271,-448,80782,213,-479,7483
41.662,412593,271,-448,80782,213,-479,7483
41.694,412665,271,-448,80782,213,-479,7483
41.795,412737,271,-448,80782,213,-479,7483
41.847,412809,271,-448,80782,213,-479,7483
41.984,412953,271,-448,80782,213,-479,7483
42.040,413009,271,-448,80782,213,-479,7483
42.096,413065,271,-448,80782,213,-479,7483
42.153,413121,271,-448,80782,213,-479,7483
42.548,413177,271,-448,80782,213,-479,7483
42.579,413233,271,-448,80782,213,-479,7483
42.579,413289,271,-448,80782,213,-479,7483
42.579,413345,271,-448,80782,213,-479,7483
42.579,413401,271,-448,80782,213,-479,7483
42.579,413457,271,-448,80782,213,-479,7483
42.579,413513,271,-448,80782,213,-479,7483
42.604,413569,271,-448,80782,213,-479,7483
42.656,413625,271,-448,80782,213,-479,7483
42.713,413681,271,-448,80782,213,-479,7484
42.770,413737,271,-448,80782,213,-479,7484
42.829,413793,271,-448,80782,213,-479,7484
42.893,413849,271,-448,80782,213,-479,7484
42.992,413961,271,-448,80782,213,-479,7484
43.046,414017,271,-448,80782,213,-479,7484
43.104,414073,271,-448,80782,213,-479,7484
43.171,414141,271,-448,80782,213,-479,7485
43.317,414285,272,-444,80807,213,-477,7497
43.391,414357,272,-440,80846,214,-473,7537
43.532,414501,272,-428,80861,217,-464,7541
43.603,414573,272,-419,80861,217,-464,7541
43.675,414645,272,-409,80855,221,-451,7515
43.749,414717,273,-399,80846,225,-436,7501
43.827,414789,273,-389,80826,225,-436,7501
43.898,414861,273,-380,80817,229,-422,7499
43.966,414933,274,-371,80801,233,-409,7503
44.038,415005,274,-362,80820,233,-409,7503
44.112,415077,274,-354,80826,236,-397,7499
44.178,415149,274,-345,80820,240,-385,7486
44.251,415221,275,-337,80830,240,-385,7486
44.397,415365,275,-319,80811,247,-360,7468
44.469,415437,276,-311,80782,247,-360,7468
44.539,415509,276,-302,80811,250,-348,7474
44.619,415581,276,-293,80792,250,-348,7474
44.685,415653,276,-285,80782,254,-335,7467
44.758,415725,277,-276,80785,258,-323,7442
44.828,415797,277,-267,80763,258,-323,7442
44.899,415869,278,-259,80766,261,-311,7424
44.971,415941,278,-250,80776,265,-298,7427
45.042,416013,278,-241,80766,265,-298,7427
45.115,416085,279,-233,80763,269,-285,7418
45.261,416229,279,-216,80766,272,-272,7398
45.330,416301,280,-207,80757,276,-259,7390
45.403,416373,280,-198,80766,279,-247,7402
45.474,416445,280,-189,80785,279,-247,7402
45.625,416589,281,-173,80766,283,-235,7415
45.694,416661,281,-164,80773,287,-223,7419
45.834,416805,282,-146,80773,290,-210,7414
45.911,416877,282,-138,80792,294,-197,7409
45.978,416949,283,-129,80785,297,-185,7413
46.066,417021,283,-120,80782,297,-185,7413
46.128,417093,283,-112,80792,301,-173,7448
46.198,417165,284,-103,80801,304,-161,7446
46.277,417237,284,-95,80820,304,-161,7446
46.350,417309,284,-86,80830,307,-148,7457
46.412,417381,285,-77,80836,311,-136,7460
46.490,417453,285,-69,80817,311,-136,7460
46.554,417525,285,-60,80801,314,-123,7443
46.628,417597,285,-51,80792,314,-123,7443
46.701,417669,286,-43,80766,318,-111,7415
46.790,417741,286,-34,80741,321,-99,7379
46.842,417813,287,-25,80757,321,-99,7379
46.925,417885,287,-17,80766,325,-86,7380
46.975,417935,287,-11,80782,325,-86,7380
47.040,418005,287,-3,80785,328,-74,7390
47.113,418077,288,6,80782,332,-61,7388
47.198,418149,288,15,80757,332,-61,7388
47.250,418221,288,24,80750,335,-49,7370
47.322,418293,289,32,80757,339,-36,7353
47.396,418365,289,41,80766,339,-36,7353
47.476,418437,290,49,80763,343,-24,7346
47.538,418509,290,58,80785,346,-11,7356
47.624,418581,290,66,80773,346,-11,7356
47.695,418655,291,75,80792,349,0,7375
47.755,418725,291,84,80782,349,0,7375
47.829,418797,291,92,80801,353,12,7382
47.898,418869,292,101,80782,356,24,7381
47.971,418941,292,110,80792,356,24,7381
48.043,419013,292,118,80785,360,37,7367
48.190,419157,293,135,80792,364,50,7380
48.318,419279,293,150,80801,367,62,7388
48.388,419349,294,158,80798,371,75,7391
48.450,419421,294,167,80801,374,87,7382
48.522,419493,294,175,80801,374,87,7382
48.596,419565,295,184,80807,378,99,7369
48.668,419637,295,193,80792,381,112,7362
48.741,419709,295,201,80773,381,112,7362
48.818,419781,296,210,80792,385,124,7371
48.883,419853,296,219,80811,388,136,7359
48.957,419925,296,228,80792,388,136,7359
49.098,420069,297,245,80792,392,149,7359
49.171,420141,297,253,80776,396,161,7343
49.315,420285,298,271,80773,400,174,7334
49.472,420429,299,288,80757,407,199,7308
49.532,420501,299,296,80766,407,199,7308
49.676,420645,300,314,80776,414,223,7307
49.818,420789,300,331,80785,418,236,7326
49.893,420861,301,340,80782,421,248,7339
49.963,420933,301,349,80801,421,248,7339
50.056,421005,301,357,80782,425,261,7331
50.110,421077,302,366,80792,425,261,7331
50.182,421149,302,375,80776,429,273,7324
50.252,421221,302,383,80801,433,285,7338
50.322,421293,303,392,80776,433,285,7338
50.471,421437,303,409,80811,440,309,7359
50.546,421509,304,418,80820,440,309,7359
50.611,421581,304,426,80817,444,322,7348
50.683,421653,304,435,80801,448,334,7347
50.763,421725,304,444,80798,448,334,7347
50.827,421797,305,452,80801,452,346,7340
50.901,421869,305,461,80782,456,358,7332
50.972,421941,305,469,80782,456,358,7332
51.043,422013,306,478,80766,459,371,7319
51.118,422085,306,487,80766,459,371,7319
51.185,422157,306,495,80766,463,383,7303
51.259,422229,307,503,80649,467,396,7285
51.410,422373,308,522,80776,471,408,7294
51.475,422445,308,530,80766,475,420,7295
51.549,422517,308,537,80785,475,420,7295
51.618,422589,308,542,80766,478,430,7300
51.762,422733,309,544,80738,479,434,7300
51.836,422805,309,546,80747,480,435,7295
51.909,422877,309,548,80773,481,438,7311
51.977,422949,309,550,80782,481,438,7311
52.065,423038,309,552,80820,482,441,7338
52.131,423089,309,552,80820,482,441,7338
52.190,423161,309,552,80820,482,442,7347
52.263,423233,309,552,80820,482,442,7347
52.335,423305,309,552,80820,482,442,7347
52.477,423449,309,552,80820,482,442,7347
52.539,423505,309,552,80820,482,442,7347
52.600,423561,309,552,80820,482,442,7347
52.646,423617,309,552,80820,482,442,7347
52.704,423673,309,552,80820,482,442,7347
52.763,423729,309,552,80820,482,442,7347
52.875,423841,309,552,80820,482,442,7347
52.927,423897,309,552,80820,482,442,7347
52.981,423953,309,552,80820,482,442,7347
53.043,424009,309,552,80820,482,442,7347
53.095,424065,309,552,80820,482,442,7347
53.158,424121,309,552,80820,482,442,7347
53.209,424177,309,552,80820,482,442,7347
53.262,424233,309,552,80820,482,442,7347
53.324,424293,309,552,80820,482,442,7347
53.394,424365,309,553,80890,482,442,7352
53.466,424437,309,554,80979,482,442,7352
53.539,424509,309,555,81248,482,444,7485
53.615,424581,309,555,81699,482,445,8012
53.683,424653,309,555,82393,482,445,8012
53.759,424725,309,555,83269,482,445,9134
53.827,424797,309,556,84230,480,444,10615
53.907,424869,309,555,85217,480,444,10615
53.972,424941,309,555,86114,480,444,12094
54.116,425085,310,555,87691,480,443,13401
54.187,425157,310,555,88449,480,443,14573
54.265,425229,310,555,89163,480,443,14573
54.334,425301,310,555,89737,480,442,15713
54.446,425417,310,555,89895,480,442,16426
54.518,425489,310,555,89895,480,442,16418
54.590,425561,310,555,89895,480,442,16418
54.735,425705,310,555,89895,480,442,16418
54.818,425777,310,555,89895,480,442,16418
54.897,425849,310,555,89895,480,442,16418
54.950,425921,310,555,89895,480,442,16418
55.027,425993,310,555,89895,480,442,16418
55.098,426065,310,555,89895,480,442,16418
55.166,426137,310,555,89895,480,442,16418
55.238,426209,310,555,89895,480,442,16418
55.311,426281,310,555,89895,480,442,16418
55.386,426353,310,555,89895,480,442,16418
55.459,426425,310,555,89895,480,442,16418
55.527,426497,310,555,89895,480,442,16418
55.598,426569,310,555,89895,480,442,16418
55.673,426641,310,555,89895,480,442,16418
55.742,426713,310,555,89895,480,442,16418
55.822,426785,310,555,89895,480,442,16418
55.958,426929,310,555,89895,480,442,16418
56.030,427001,310,555,89895,480,442,16418
56.176,427145,310,555,89895,480,442,16418
56.389,427361,310,555,89895,480,442,16418
56.462,427433,310,555,89895,480,442,16419
56.534,427505,310,555,89895,480,442,16418
56.678,427649,310,555,89895,480,442,16419
56.755,427721,310,555,89895,480,442,16419
56.833,427793,310,555,89895,480,442,16419
56.895,427865,310,555,89895,480,442,16419
56.970,427937,310,555,89895,480,442,16419
57.041,428009,310,555,89895,480,442,16419
57.127,428083,310,555,89895,480,442,16419
57.166,428137,310,555,89895,480,442,16419
57.283,428249,310,555,89895,480,442,16419
57.337,428305,310,555,89895,480,442,16418
57.391,428361,310,555,89895,480,442,16418
57.446,428417,310,555,89895,480,442,16418
57.508,428473,310,555,89895,480,442,16418
57.558,428529,310,555,89895,480,442,16418
57.615,428585,310,555,89895,480,442,16418
57.674,428641,310,555,89895,480,442,16419
57.839,428809,310,555,89895,480,442,16418
57.898,428865,310,555,89895,480,442,16418
57.957,428921,310,555,89895,480,442,16418
58.007,428977,310,555,89895,480,442,16419
58.062,429033,310,555,89895,480,442,16419
58.132,429089,310,555,89895,480,442,16419
58.176,429145,310,555,89895,480,442,16419
58.230,429201,310,555,89895,480,442,16419
58.290,429257,310,555,89895,480,442,16419
58.345,429313,310,555,89895,480,442,16419
58.454,429425,310,555,89895,480,442,16419
58.510,429481,310,555,89895,480,442,16419
58.567,429537,310,555,89895,480,442,16419
58.621,429593,310,555,89895,480,442,16419
58.682,429649,310,555,89895,480,442,16419
58.733,429705,310,555,89895,480,442,16419
58.846,429817,310,555,89895,480,442,16419
58.905,429873,310,555,89895,480,442,16419
59.018,429985,310,555,89895,480,442,16419
59.076,430041,310,555,89895,480,442,16419
59.125,430097,310,555,89895,480,442,16419
59.183,430153,310,555,89895,480,442,16419
59.267,430209,310,555,89895,480,442,16418
59.299,430265,310,555,89895,480,442,16418
59.353,430321,310,555,89895,480,442,16418
59.405,430377,310,555,89895,480,442,16418
59.462,430433,310,555,89895,480,442,16418
59.519,430489,310,555,89895,480,442,16418
59.633,430601,310,555,89895,480,442,16418
59.691,430657,310,555,89895,480,442,16418
59.743,430713,310,555,89895,480,442,16418
59.816,430769,310,555,89895,480,442,16419
59.863,430825,310,555,89895,480,442,16419
59.911,430881,310,555,89895,480,442,16419
59.965,430937,310,555,89895,480,442,16419
60.026,430993,310,555,89895,480,442,16419
60.078,431049,310,555,89895,480,442,16419
60.135,431105,310,555,89895,480,442,16419
60.246,431217,310,555,89895,480,442,16419
60.307,431273,310,555,89895,480,442,16419
60.359,431329,310,555,89895,480,442,16419
60.415,431385,310,555,89895,480,442,16419
60.474,431441,310,555,89895,480,442,16419
60.526,431497,310,555,89895,480,442,16419
60.590,431553,310,555,89895,480,442,16419
60.638,431609,310,555,89895,480,442,16419
60.699,431665,310,555,89895,480,442,16418
60.750,431721,310,555,89895,480,442,16418
60.863,431833,310,555,89895,480,442,16418
60.921,431889,310,555,89895,480,442,16418
60.976,431945,310,555,89895,480,442,16418
61.030,432001,310,555,89895,480,442,16418
61.091,432057,310,555,89895,480,442,16418
61.142,432113,310,555,89895,480,442,16418
61.199,432169,310,555,89895,480,442,16418
61.254,432225,310,555,89895,480,442,16419
61.311,432281,310,555,89895,480,442,16419
61.425,432393,310,555,89895,480,442,16419
61.477,432449,310,555,89895,480,442,16419
61.540,432505,310,555,89895,480,442,16419
61.591,432561,310,555,89895,480,442,16419
61.646,432617,310,555,89895,480,442,16419
61.703,432673,310,555,89895,480,442,16418
61.758,432729,310,555,89895,480,442,16418
61.814,432785,310,555,89895,480,442,16418
61.870,432841,310,555,89895,480,442,16418
61.936,432897,310,555,89895,480,442,16418
62.098,433065,310,555,89895,480,442,16419
62.155,433121,310,555,89895,480,442,16419
62.206,433177,310,555,89895,480,442,16419
62.270,433233,310,555,89895,480,442,16419
62.329,433289,310,555,89895,480,442,16419
62.373,433345,310,555,89895,480,442,16419
62.501,433457,310,555,89895,480,442,16419
62.543,433513,310,555,89895,480,442,16419
62.598,433569,310,555,89895,480,442,16418
62.661,433625,310,555,89895,480,442,16418
62.714,433681,310,555,89895,480,442,16418
62.780,433737,310,555,89895,480,442,16418
62.822,433793,310,555,89895,480,442,16419
62.937,433905,310,555,89895,480,442,16419
62.991,433961,310,555,89895,480,442,16419
63.047,434017,310,555,89895,480,442,16419
63.103,434073,310,555,89895,480,442,16419
63.218,434185,310,555,89895,480,442,16418
63.270,434241,310,555,89895,480,442,16418
63.327,434297,310,555,89895,480,442,16418
63.387,434353,310,555,89895,480,442,16418
63.438,434409,310,555,89895,480,442,16418
63.549,434521,310,555,89895,480,442,16418
63.606,434577,310,555,89895,480,442,16418
63.661,434633,310,555,89895,480,442,16418
63.719,434689,310,555,89895,480,442,16418
63.831,434801,310,555,89895,480,442,16418
63.890,434857,310,555,89895,480,442,16418
63.942,434913,310,555,89895,480,442,16418
64.005,434969,310,555,89895,480,442,16418
64.053,435025,310,555,89895,480,442,16418
64.112,435081,310,555,89895,480,442,16418
64.188,435137,310,555,89895,480,442,16418
64.223,435193,310,555,89895,480,442,16418
64.284,435249,310,555,89895,480,442,16418
64.336,435305,310,555,89895,480,442,16418
64.391,435361,310,555,89895,480,442,16418
64.446,435417,310,555,89895,480,442,16418
64.505,435473,310,555,89895,480,442,16418
64.557,435529,310,555,89895,480,442,16418
64.614,435585,310,555,89895,480,442,16418
64.671,435641,310,555,89895,480,442,16418
64.725,435697,310,555,89895,480,442,16418
64.786,435753,310,555,89895,480,442,16418
64.838,435809,310,555,89895,480,442,16419
64.916,435865,310,555,89895,480,442,16419
65.061,436033,310,555,89895,480,442,16419
65.119,436089,310,555,89895,480,442,16419
65.175,436145,310,555,89895,480,442,16419
65.229,436201,310,555,89895,480,442,16419
65.286,436257,310,555,89895,480,442,16419
65.346,436313,310,555,89895,480,442,16419
65.401,436369,310,555,89895,480,442,16419
65.458,436425,310,555,89895,480,442,16419
65.520,436481,310,555,89895,480,442,16419
65.621,436593,310,555,89895,480,442,16419
65.678,436649,310,555,89895,480,442,16419
65.739,436705,310,555,89895,480,442,16419
65.790,436761,310,555,89895,480,442,16419
65.849,436817,310,555,89895,480,442,16419
65.916,436885,310,555,89895,480,442,16419
65.986,436957,309,555,89946,480,442,16419
66.058,437029,307,555,89981,477,443,16449
66.213,437175,298,555,89984,472,444,16461
66.277,437245,291,555,90010,463,447,16449
66.346,437317,281,555,89981,463,447,16449
66.423,437389,271,555,89971,450,451,16411
66.495,437461,261,555,89946,435,456,16372
66.568,437533,252,555,89930,435,456,16372
66.640,437605,242,555,89892,422,460,16337
66.705,437677,234,555,89886,422,460,16337
66.777,437749,225,555,89876,410,464,16322
66.851,437821,216,556,89886,398,468,16305
66.936,437895,208,556,89902,398,468,16305
66.998,437965,199,556,89876,386,472,16298
67.072,438037,191,556,89883,374,475,16312
67.142,438109,182,556,89902,374,475,16312
67.212,438181,174,556,89895,361,479,16325
67.283,438253,165,557,89886,350,483,16312
67.365,438325,156,557,89902,350,483,16312
67.432,438397,147,557,89902,337,487,16307
67.498,438469,139,557,89902,325,491,16303
67.558,438519,133,557,89911,325,491,16303
67.621,438589,125,557,89895,313,495,16316
67.701,438661,116,557,89886,313,495,16316
67.768,438733,107,558,89911,301,499,16334
67.834,438805,99,558,89921,289,502,16334
67.910,438877,90,558,89911,289,502,16334
67.978,438949,81,558,89930,276,506,16331
68.063,439021,73,558,89918,276,506,16331
68.125,439093,64,558,89918,264,510,16327
68.194,439143,58,558,89911,252,514,16333
68.244,439213,50,559,89911,252,514,16333
68.314,439285,41,559,89911,240,518,16332
68.387,439357,32,559,89911,240,518,16332
68.468,439429,23,559,89911,227,522,16332
68.532,439501,15,559,89911,216,526,16322
68.615,439573,6,559,89914,216,526,16322
68.678,439645,-3,559,89902,203,530,16301
68.751,439717,-11,560,89902,191,534,16289
68.825,439789,-20,560,89911,191,534,16289
68.963,439933,-37,560,89892,167,542,16265
69.034,440005,-46,560,89876,167,542,16265
69.105,440077,-54,560,89895,155,546,16250
69.178,440149,-63,561,89876,143,550,16259
69.324,440293,-80,561,89892,131,554,16266
69.394,440365,-89,561,89892,131,554,16266
69.465,440437,-98,561,89886,118,557,16262
69.525,440487,-103,561,89905,106,561,16259
69.588,440557,-112,562,89902,106,561,16259
69.659,440629,-121,562,89911,94,565,16276
69.740,440701,-129,562,89914,94,565,16276
69.802,440773,-138,562,89902,82,569,16298
69.873,440845,-146,562,89918,70,573,16307
69.946,440917,-155,562,89930,70,573,16307
70.090,441061,-172,563,89921,45,580,16283
70.161,441133,-180,563,89902,45,580,16283
70.348,441277,-198,563,89895,21,589,16273
70.459,441421,-215,563,89892,9,593,16283
70.541,441493,-224,564,89911,-2,597,16286
70.598,441565,-233,564,89911,-2,597,16286
70.667,441637,-241,564,89911,-15,601,16278
70.811,441781,-258,564,89895,-28,605,16254
70.885,441853,-267,564,89895,-39,609,16241
71.030,441997,-280,565,89876,-50,613,16234
71.097,442069,-282,565,89892,-55,614,16253
71.170,442141,-283,565,89816,-55,614,16253
71.261,442213,-284,565,89841,-57,615,16222
71.314,442285,-286,565,89895,-59,616,16256
71.386,442357,-288,565,89911,-59,616,16256
71.476,442446,-290,565,89927,-61,616,16288
71.527,442497,-290,565,89927,-61,616,16288
71.603,442569,-290,565,89927,-63,617,16304
71.680,442641,-290,565,89927,-63,617,16306
71.741,442713,-290,565,89927,-63,617,16306
71.818,442785,-290,565,89927,-63,617,16307
71.891,442857,-290,565,89927,-63,617,16307
71.973,442929,-290,565,89927,-63,617,16307
72.034,443001,-290,565,89927,-63,617,16307
72.254,443217,-290,565,89927,-63,617,16307
72.319,443289,-290,565,89927,-63,617,16307
72.397,443361,-290,565,89927,-63,617,16307
72.461,443433,-290,565,89927,-63,617,16307
72.534,443505,-290,565,89927,-63,617,16307
72.608,443577,-290,565,89927,-63,617,16307
72.751,443721,-290,565,89927,-63,617,16307
72.826,443793,-290,565,89927,-63,617,16307
72.893,443865,-290,565,89927,-63,617,16307
72.975,443937,-290,565,89927,-63,617,16307
73.039,444009,-290,565,89927,-63,617,16307
73.115,444081,-290,565,89927,-63,617,16307
73.182,444153,-290,565,89927,-63,617,16307
73.253,444225,-290,565,89927,-63,617,16307
73.331,444297,-290,565,89927,-63,617,16307
73.543,444513,-290,565,89927,-63,617,16307
73.614,444585,-290,565,89927,-63,617,16307
73.687,444657,-290,565,89927,-63,617,16307
73.830,444801,-290,565,89927,-63,617,16307
73.902,444873,-290,565,89927,-63,617,16307
74.004,444945,-290,565,89927,-63,617,16307
74.150,445089,-290,565,89927,-63,617,16307
74.189,445161,-290,565,89927,-63,617,16307
74.264,445233,-290,565,89927,-63,617,16307
74.335,445305,-290,565,89927,-63,617,16307
74.406,445377,-290,565,89927,-63,617,16307
74.464,445427,-290,565,89927,-63,617,16307
74.515,445481,-290,565,89927,-63,617,16307
74.565,445537,-290,565,89927,-63,617,16307
74.626,445593,-290,565,89927,-63,617,16307
74.744,445705,-290,565,89927,-63,617,16307
74.789,445761,-290,565,89927,-63,617,16307
74.848,445817,-290,565,89927,-63,617,16307
74.911,445873,-290,565,89927,-63,617,16307
74.957,445929,-290,565,89927,-63,617,16307
75.017,445985,-290,565,89927,-63,617,16307
75.069,446041,-290,565,89927,-63,617,16307
75.130,446097,-290,565,89927,-63,617,16307
75.177,446149,-290,565,89927,-63,617,16307
75.250,446221,-290,565,90025,-63,617,16317
75.322,446293,-290,565,90140,-63,617,16317
75.477,446439,-292,565,90818,-64,617,17027
75.539,446509,-292,565,91488,-64,617,17027
75.610,446581,-292,564,92354,-64,616,-17875
75.681,446653,-292,564,93321,-63,616,-16334
75.834,446797,-292,565,95196,-61,616,-14846
75.898,446869,-292,565,96027,-61,616,-14846
75.977,446941,-292,565,96766,-61,617,-13586
76.044,447013,-292,565,97499,-60,617,-12456
76.195,447159,-292,565,98828,-60,618,-11342
76.389,447361,-292,566,98996,-60,618,-10699
76.469,447433,-292,566,98996,-60,618,-10699
76.534,447505,-292,566,98996,-60,618,-10698
76.606,447577,-292,566,98996,-60,618,-10698
76.749,447721,-292,566,98996,-60,618,-10698
76.824,447793,-292,566,98996,-60,618,-10698
76.894,447865,-292,566,98996,-60,618,-10698
76.951,447915,-292,566,98996,-60,618,-10698
77.002,447969,-292,566,98996,-60,618,-10698
77.054,448025,-292,566,98996,-60,618,-10698
77.113,448081,-292,566,98996,-60,618,-10698
