t,x,y,heading,speed
1788559262.746021,-0.0240495103729686,9.52466859900036,51.99926116730683,0.0
1788559262.947448,-0.03532745594765225,9.526807060468414,52.39537216836649,0.0
1788559263.178237,-0.03957579893036908,9.522701156262615,52.40568900450606,0.0
1788559263.365281,-0.07367468039324397,9.498549649949771,54.13403540277784,0.0
1788559263.529252,-0.04067637276064253,9.527942527434808,52.395167348485074,0.0
1788559263.67755,-0.031466582066613735,9.51938871632114,51.988943343644564,0.0
1788559263.8720582,-0.0655007653836359,9.500558690448523,54.205289600630294,0.0
1788559264.058073,-0.04200022566724427,9.524930961670545,52.234655365830946,0.0
1788559264.198606,-0.030036488160506653,9.52967303484221,52.02904055064835,0.0
1788559264.3920279,-0.027536734330484584,9.518030634348714,52.07705338855229,0.0
1788559264.592788,-0.0385230470476463,9.518594015300323,52.58250379208803,0.0
1788559264.7391949,-0.03158017042729007,9.520595461217027,52.11079357015234,0.0
1788559264.917891,-0.03182523717443349,9.517988821058944,51.86451674999154,0.0
1788559265.063861,-0.02528013886711207,9.525685184776803,51.99010135626477,0.0
1788559265.2574139,-0.0708328142133837,9.495750020031409,54.220193983805586,0.0
1788559265.466326,-0.07155963355621053,9.49882712196191,54.170232008058036,0.0
1788559265.614591,-0.06619575370822071,9.496104683487982,54.1108716130845,0.0
1788559265.778074,-0.06583577416565033,9.498574927908864,54.285719965894,0.0
1788559265.9929118,-0.04138842497032261,9.522976626098476,52.15743638624107,0.0
1788559266.178366,-0.025807742109426372,9.520732808845358,52.24372052930451,0.0
1788559266.372471,-0.033733221110915326,9.519063538209561,52.31128344897513,0.0
1788559266.5089972,-0.026204692147480294,9.525487425154797,52.1001924057872,0.0
1788559266.7042902,-0.033073801175397655,9.525373632424468,52.03411885332005,0.0
1788559266.920303,-0.037041689254258485,9.514575858715274,52.268538555462754,0.0
1788559267.174933,-0.028326384605428412,9.526305659554993,52.18742694952232,0.0
1788559267.292146,-0.03825293581486285,9.528130615609115,52.31377914786546,0.0
1788559267.4307861,0.02752102727118907,9.480571974530642,53.9061909997117,0.0
1788559267.55966,0.40375026600277664,9.241075036797941,62.927791641836535,0.0
1788559267.706135,1.134514640096203,9.016659595711646,80.49464708647145,5.311355875677455
1788559267.830233,2.3545838340085066,9.09972302466453,109.29368811457783,9.78297960223826
1788559267.9704478,2.807689359426994,9.28415291542978,119.18243799076095,0.0
1788559268.110525,3.045572258179646,9.475573009736978,126.71654867190603,0.0
1788559268.226537,3.3077889169913854,9.708954608412673,132.46367677150272,0.0
1788559268.36858,3.418073423830171,9.813984439890186,135.55778731496582,0.0
1788559268.4891012,3.4417307373462376,9.868542800983207,137.81223668274822,0.0
1788559268.555525,3.4580680052355115,9.870114655066702,137.19595710818567,0.0
1788559268.635194,3.463214172374586,9.869032134637147,137.3760579817394,0.0
1788559268.760695,3.4160219382980377,9.891275542276935,137.30357159089243,0.0
1788559268.833295,3.4586066683526164,9.869281729505804,137.2266738471418,0.0
1788559268.993845,3.411404131720111,9.889521429568868,137.18714707422026,0.0
1788559269.073708,3.4595081382431636,9.868102103358313,137.22589466233921,0.0
1788559269.146059,3.458345616888562,9.865908770007055,137.3355631128382,0.0
1788559269.224991,3.416706830437641,9.890650079291499,137.2543363055978,0.0
1788559269.35136,3.4643028709467396,9.869899270242723,137.1141772147124,0.0
1788559269.417877,3.463082410935587,9.871059338507026,137.22622277478524,0.0
1788559269.545961,3.400021994288893,9.888382734393787,137.63789097798423,0.0
1788559269.6766489,3.4138418275785245,9.887965941249501,137.2113239974335,0.0
1788559269.808905,3.459796477976636,9.87017648181109,137.20965703999377,0.0
1788559269.935343,3.4193472210601823,9.888229801089613,137.2877964847732,0.0
1788559270.067828,3.4572992905263846,9.867431237697856,137.18266780179317,0.0
1788559270.2152178,3.4160903756182677,9.888039577059422,137.27674866323014,0.0
1788559270.3474329,3.4618015598668204,9.868813482329902,137.39861688836595,0.0
1788559270.4804878,3.4144698581609974,9.889336948811044,137.27767597498178,0.0
1788559270.589334,3.4547950908664173,9.868546811022986,137.3579019295014,0.0
1788559270.731863,3.4158973365382583,9.890395541071873,137.22238448821042,0.0
1788559270.931623,3.4579033963366,9.867924660945617,137.06748422482156,0.0
1788559271.1212428,3.4563228426154398,9.870057324670238,137.27990432025285,0.0
1788559271.268039,3.4156258769035,9.885959912663392,137.27382122573283,0.0
1788559271.458144,3.4575273627886327,9.862323028254139,137.16680179693162,0.0
1788559271.647754,3.4548672336752535,9.86457562116285,137.39747901268225,0.0
1788559271.782742,3.414454310053507,9.889879150130758,137.20347524329327,0.0
1788559272.4564962,3.4133025966858304,9.890659907677659,137.26823623918608,0.0
1788559272.654408,3.415169325234709,9.886694760291878,137.1734462961121,0.0
1788559272.860297,3.4159453621974856,9.886954090600813,137.2043503976505,0.0
1788559273.152361,3.4569727889135606,9.869352659782578,137.10487511287408,0.0
1788559273.330684,3.414384183286588,9.885448362901956,137.21591422500632,0.0
1788559273.609833,3.410205926646703,9.883892328320117,137.1310424489876,0.0
1788559273.779257,3.412158863527219,9.889524877928965,137.25112498722604,0.0
1788559273.9764822,3.414549675632826,9.891948545999737,137.34402792350625,0.0
1788559274.106994,3.461521463649572,9.865785338261581,137.2689731989136,0.0
1788559274.315868,3.4188845319588133,9.891930652354851,137.2513128381819,0.0
1788559274.509734,3.416961613758235,9.886100112781321,137.29517083934275,0.0
1788559274.7068858,3.4575226405621646,9.870569611576947,137.3004863823669,0.0
1788559274.885631,3.412884700688928,9.888844078461172,137.22250391886053,0.0
1788559275.133842,3.4581365443134464,9.871142680973954,137.35838534404604,0.0
1788559275.322752,3.44948695164571,9.866641108797404,137.32209280924837,0.0
1788559275.4914198,3.4561983127847564,9.871546673943724,137.32027889893868,0.0
1788559275.823502,3.456234175925867,9.86978583084903,137.23459686671748,0.0
1788559275.940293,3.4144685451141483,9.889736064960296,137.14541782780185,0.0
1788559276.075149,3.3934472683245787,9.867040669834243,136.80787503756073,0.0
1788559276.212756,3.156524028076387,9.742533904044532,132.18624163542154,0.0
1788559276.345807,2.560914525156196,9.564455091831608,118.79851623939584,4.665976605643182
1788559276.476882,1.6389034000630855,9.30340054156965,99.52293415393478,7.301942894922259
1788559276.599225,0.9238168263242149,9.286609940162112,80.10610494132118,5.867258784843463
1788559276.739412,0.5624132102568186,9.371483560815511,69.84975487790427,0.0
1788559276.86463,0.19725282166511743,9.538630920390437,62.90861458136422,0.0
1788559277.002146,-0.02169156913929177,9.693322502529641,58.287146032788485,0.0
1788559277.133156,-0.09115414581774027,9.764125004016643,57.872869785910126,0.0
1788559277.213517,-0.0898894166091136,9.764132116778576,57.872869785910126,0.0
1788559277.3029308,-0.08997380353701301,9.766077323418056,57.872869785910126,0.0
1788559277.404096,-0.14012712963848156,9.737015945283979,57.08433953467093,0.0
1788559277.489482,-0.08863301852861592,9.766620454425885,57.872869785910126,0.0
1788559277.604508,-0.09177382606287673,9.762641395467032,57.872869785910126,0.0
1788559277.68851,-0.09479384251681715,9.762341943652563,57.872869785910126,0.0
1788559277.821496,-0.0997987873840807,9.697087779739297,58.092703609415054,0.0
1788559277.892276,-0.04772987039025105,9.711614634015946,57.872869785910126,0.0
1788559277.993502,-0.09224492962418572,9.761029228719819,57.872869785910126,0.0
1788559278.074081,-0.005445572314986966,9.70610885926351,57.52476267811568,0.0
1788559278.1928692,-0.09173920849607226,9.763203330513807,57.872869785910126,0.0
1788559278.32598,-0.09145044033872171,9.769390444277992,57.872869785910126,0.0
1788559278.45729,-0.1447354811389259,9.723982585113708,57.872869785910126,0.0
1788559278.5929081,-0.058675315528326805,9.795887143379593,55.76920514512983,0.0
1788559278.719991,-0.09403360576225404,9.763718123408132,57.872869785910126,0.0
1788559278.845865,-0.09201554281646508,9.761222499031858,57.872869785910126,0.0
1788559279.074978,-0.09140043220156648,9.764914385866037,57.872869785910126,0.0
1788559279.183221,-0.0890249094944664,9.768210041793019,57.872869785910126,0.0
1788559279.399401,-0.08939504730036577,9.760676773440249,57.872869785910126,0.0
1788559279.578315,-0.14398175804766902,9.720510170975079,57.872869785910126,0.0
1788559279.793833,-0.005090316828258272,9.723646351775562,58.07640776479349,0.0
1788559279.986618,-0.09304764842987398,9.763583212454733,57.872869785910126,0.0
1788559280.189395,-0.09084252530360516,9.758775343519188,57.872869785910126,0.0
1788559280.365705,-0.09244986358643181,9.768232575312778,57.872869785910126,0.0
1788559280.50037,-0.14074214350848807,9.719932546667218,57.872869785910126,0.0
1788559281.173802,-0.09184324826176893,9.75952343610791,57.872869785910126,0.0
1788559281.3510022,-0.14262578549241883,9.71897920811567,57.872869785910126,0.0
1788559281.533142,-0.08861424776949414,9.76921875177529,57.872869785910126,0.0
1788559281.706222,-0.09316754828428953,9.75747710386057,57.872869785910126,0.0
1788559281.932099,-0.09502040677500813,9.76330729698203,57.872869785910126,0.0
1788559282.080363,-0.09159781931350117,9.759179068342009,57.872869785910126,0.0
1788559282.313239,-0.09187644741165789,9.764498761270014,57.872869785910126,0.0
1788559282.527672,-0.047148706302440835,9.745994960453585,57.872869785910126,0.0
1788559282.615742,-0.09167190676461544,9.765700013408974,57.872869785910126,0.0
1788559282.8108768,-0.01372850065811296,9.74275299494272,55.75171817834149,0.0
1788559283.005056,-0.09141423201575201,9.76211449866756,57.872869785910126,0.0
1788559283.134558,-0.09448633954086497,9.7626975638891,57.872869785910126,0.0
1788559283.339257,-0.08960632408232362,9.759076823709556,57.872869785910126,0.0
1788559283.566842,-0.09226496151769505,9.76281796903181,57.872869785910126,0.0
1788559283.738158,-0.09194598568580149,9.75939090672774,57.872869785910126,0.0
1788559283.9355369,-0.08966607125372467,9.770908122804132,57.872869785910126,0.0
1788559284.476217,-0.0908461063001003,9.766991079663203,57.872869785910126,0.0
1788559284.608793,-0.14168772660303872,9.720969314730254,57.872869785910126,0.0
1788559284.75346,-0.048076366560948595,9.666840733228133,58.82764876210945,0.0
1788559284.8909109,0.5453511761507651,9.468771044160729,72.13745178029052,4.5273043750408
1788559285.013976,1.2682912449386163,9.286165598921244,89.80544700427527,5.71607293590051
1788559285.116412,2.4123747952002192,9.480467347373835,117.28672074664951,11.28837795318719
1788559285.377423,4.0212285246581905,11.294055791137437,169.18970125771654,9.295635695749622
1788559285.5185401,4.028108818488102,12.032843322932582,-172.45978414102956,5.23740078768652
1788559285.671024,3.816569060175274,12.52568844936819,-157.85265758402545,3.5176515506452017
1788559285.7712388,3.5880026576365918,13.035798833408082,-148.14117663864886,5.581019116016913
1788559285.9002082,3.3546967240811236,13.349502001075425,-141.24310937957762,0.0
1788559286.0360699,3.082136755966346,13.562074881057427,-133.5158104043859,0.0
1788559286.176171,2.988556149604286,13.577677243638153,-131.17839122206829,0.0
1788559286.247759,2.9402675259683138,13.681501470589405,-129.45661082008178,0.0
1788559286.316865,2.931272517912389,13.681991323536936,-129.25905423388167,0.0
1788559286.431062,2.938236597565742,13.686744693952251,-129.17125757944166,0.0
1788559286.505134,2.9333379262929853,13.687320413166677,-129.33572462298525,0.0
1788559286.6307461,2.93531098009447,13.685473455355366,-129.37214928882656,0.0
1788559286.702931,2.928168515991429,13.687290687649044,-129.2032565373358,0.0
1788559286.833833,2.9367493636739583,13.687586248339937,-129.14504033004778,0.0
1788559286.906511,2.9333598930872986,13.686659495193632,-129.35506484828454,0.0
1788559287.059478,2.9272022353522984,13.68339017620728,-129.32118066714503,0.0
1788559287.1415029,2.9366036837531877,13.687891655279333,-129.12918688611785,0.0
1788559287.2384598,2.9341952373920437,13.69122699933503,-129.1874329689051,0.0
1788559287.371686,2.9365071995818406,13.68621879895801,-129.37812662806948,0.0
1788559287.5420039,2.9276743055420114,13.685426868814963,-129.2921920731401,0.0
1788559287.6427279,2.927604491464494,13.688621384211721,-129.23818149003614,0.0
1788559287.7816849,2.9238588490637123,13.691306339416132,-129.31358981922335,0.0
1788559287.8824031,2.93071093107992,13.684895498956992,-129.06362912709244,0.0
1788559288.0223548,2.9258171931591765,13.685273391138995,-129.30798861137998,0.0
1788559288.154985,2.9339869151515634,13.684137063996127,-129.1884720936954,0.0
1788559288.28991,2.9334667339563834,13.68940082557203,-129.2540634356368,0.0
1788559288.501889,2.9294497975116975,13.68666721548771,-129.36915248510252,0.0
1788559288.6815202,2.931680535950256,13.68755060217683,-129.04120446539474,0.0
1788559288.879031,2.9323108625867005,13.691911235184158,-129.23019871195777,0.0
1788559289.075083,2.932123852250104,13.689861263719044,-129.4597284616852,0.0
1788559289.202998,2.9288326365794166,13.684969575530948,-129.0090282811725,0.0
1788559289.333588,2.9304881784263728,13.683199554258035,-129.26533143796456,0.0
1788559289.4788191,2.927036481890789,13.68542090730593,-129.29680818866888,0.0
1788559290.155175,2.9310694516335634,13.688112168313435,-129.19408158890258,0.0
1788559290.333657,2.931327181141326,13.68462835474896,-129.4310814773404,0.0
1788559290.5183418,2.9291536645785072,13.686049583618617,-129.1717937105002,0.0
1788559290.661056,2.9230071327867226,13.688674470032307,-129.28734594094237,0.0
1788559290.8549309,2.934920440981934,13.690474159952496,-129.09962619214696,0.0
1788559291.0575411,2.9243291993964777,13.68846261720814,-129.1618639878679,0.0
1788559291.254519,2.9334918510593067,13.689875821307227,-129.3648856906765,0.0
1788559291.455362,2.931277371469506,13.690397389817917,-129.3433926647739,0.0
1788559291.583977,2.92119022351251,13.684594918432012,-129.51347315592398,0.0
1788559291.789301,2.928233311502461,13.685244845740195,-129.02276739056322,0.0
1788559292.0001879,2.9307575199036795,13.68085572039634,-129.11008733900985,0.0
1788559292.218139,2.936526809908199,13.688292657539504,-129.11181753192045,0.0
1788559292.368562,2.9231745115462644,13.686736270233736,-129.16541394054434,0.0
1788559292.507305,2.9284265439917965,13.689562431628813,-129.33412438430048,0.0
1788559292.70032,2.9258517051645896,13.68963154505695,-129.2971594106549,0.0
1788559292.836006,2.9269240363274744,13.683794607456589,-129.32575329068436,0.0
1788559293.3187299,2.933252415171879,13.685794626108205,-129.22822813609218,0.0
1788559293.4276521,2.9286417657612698,13.682221269593065,-129.16304509368786,0.0
1788559293.5575309,2.905194969076402,13.679696729899087,-129.52497860826486,0.0
1788559293.691274,2.9867401831784117,13.332869020850016,-135.63143944732235,0.0
1788559293.8234801,3.399330496437298,12.833940978239877,-152.46943225624318,4.866068775827735
1788559293.976546,3.6105960978757,11.342401865862156,175.0895038219195,9.88404057555706
1788559294.2270038,2.3752557813344883,9.198267414947905,119.65243791982226,9.833756033016469
1788559294.373062,1.6020518444509115,8.84720093855233,102.86631964800426,5.954836239908148
1788559294.50457,0.9516314677240499,8.872514552486688,88.036137500574,4.982682003623965
1788559294.646719,0.4954353864683235,8.904276494275827,77.49294047549449,0.0
1788559294.761707,0.09617638726785559,9.063293516501851,67.09382356396452,0.0
1788559294.877038,-0.12021912261111987,9.049383689864351,61.51812984310757,0.0
1788559295.0347662,-0.33970700301407925,9.167980470695705,57.764506457166306,0.0
1788559295.112622,-0.3168530047353868,9.17020712592996,58.57771496165077,0.0
1788559295.1814861,-0.33752458900507337,9.171286682315396,57.75349717810835,0.0
1788559295.287343,-0.341204972027973,9.166038696685431,57.77560589730413,0.0
1788559295.353086,-0.3356558793965106,9.171874717542076,57.800104807511985,0.0
1788559295.4776561,-0.3360214364760036,9.169060928879857,57.777757804568125,0.0
1788559295.552853,-0.3435148735229781,9.165105947579576,57.94587368695534,0.0
1788559295.624141,-0.2963118165116807,9.152434861473008,58.30912737749435,0.0
1788559295.759178,-0.3106394717584843,9.168758289570084,58.43310045014863,0.0
1788559295.823426,-0.34350371028458143,9.166763487879953,57.79801330626668,0.0
1788559295.948812,-0.2938154213694197,9.145549835236128,58.10208775466748,0.0
1788559296.049286,-0.33649449772339013,9.167818655941941,57.6599041818742,0.0
1788559296.11526,-0.2960582301004607,9.14661358823002,58.022102841719374,0.0
1788559296.205631,-0.3407289991096613,9.17541015084783,57.797281241345786,0.0
1788559296.336322,-0.3378806832992586,9.16704581142907,57.81270879049865,0.0
1788559296.475381,-0.2985585325812526,9.154757728902908,58.142929589192875,0.0
1788559296.602912,-0.3371850412019277,9.169572563977136,57.74213520018009,0.0
1788559296.7729862,-0.308994113023988,9.171494866047817,58.673871886818176,0.0
1788559296.882921,-0.3368022894207054,9.1709213577238,57.67456743140946,0.0
1788559297.0299678,-0.33643246643147806,9.171502363074769,57.83015074428198,0.0
1788559297.141672,-0.3359111831924022,9.165663754050371,57.728254187331174,0.0
1788559297.266697,-0.33508197183116106,9.166177866339586,57.719768139428254,0.0
1788559297.464651,-0.29758558480316266,9.15038419910127,58.176086845367536,0.0
1788559297.667045,-0.3372014657987631,9.169094417803668,57.67667971249915,0.0
1788559297.8629792,-0.33986109709180795,9.16827697657621,57.80824375435836,0.0
1788559298.055764,-0.33787332717412766,9.170466085105476,57.77182751118667,0.0
1788559298.2483351,-0.34222827752353535,9.172893427694131,57.70475679712308,0.0
1788559298.3872151,-0.2681197860254687,9.169306227644714,58.313647755906175,0.0
1788559298.5931258,-0.29457254463841526,9.15428422692481,58.126522465735604,0.0
1788559299.243358,-0.30617186876257907,9.172519275014846,58.75002015390106,0.0
1788559299.45312,-0.2954114363200501,9.160153659970337,58.54858264922791,0.0
1788559299.6474931,-0.33746974284409553,9.170068633633202,57.795537776343394,0.0
1788559299.834462,-0.33802427319735845,9.17244126351385,57.855014777519045,0.0
1788559300.036811,-0.3366604547218152,9.169399597670534,57.748099886822985,0.0
1788559300.2419991,-0.33692690098591943,9.168493607431486,57.69902867728757,0.0
1788559300.423413,-0.3395478929738355,9.167981849630287,57.8308739933689,0.0
1788559300.6382568,-0.33756938083797033,9.168626693511191,57.73492154399486,0.0
1788559300.768242,-0.31207322077680033,9.13981311604609,57.87890291942227,0.0
1788559300.952833,-0.33806810391025355,9.172324528739894,57.645402800390315,0.0
1788559301.08016,-0.30505646771759265,9.151750403098674,58.272135900273724,0.0
1788559301.224579,-0.29585722714315066,9.149598155659318,58.10670336688361,0.0
1788559301.4222279,-0.2957690432153384,9.162783015496986,58.55160086277377,0.0
1788559301.6302102,-0.2978555641948354,9.15026307730933,57.97648639437145,0.0
1788559301.834819,-0.33653639034571836,9.166325332585908,57.78945398107669,0.0
1788559302.061599,-0.2975523066389874,9.153850179129154,58.243761478349995,0.0
1788559302.485878,-0.29819600359923426,9.158880981552874,58.4342764212696,0.0
1788559302.5986729,-0.3130026186154609,9.181566948190587,58.69349289636966,0.0
1788559302.7533078,-0.29113535290869197,9.162982129651768,58.24819632142004,0.0
1788559302.89603,-0.40915541108881953,9.441533362660374,55.625618426883534,0.0
1788559303.018455,-0.6855760711860511,10.00042009369845,39.798795354392496,5.05475547042807
1788559303.138248,-1.125818602066251,10.710362554617326,22.476613876503592,6.998800461194361
1788559303.287353,-1.350635180102664,11.798397478221432,-6.392841827943755,7.461208598338088
1788559303.428712,-1.2259358991933385,12.111545687231983,-12.033951005267426,0.0
1788559303.657589,-1.1210296749587514,12.478310682814659,-20.500044108851284,0.0
1788559303.704726,-1.0586129216051758,12.599529838647396,-21.953945784956176,0.0
1788559303.8227048,-1.1014090691641298,12.642015261650254,-21.826648761408705,0.0
1788559303.940684,-1.0976518923856862,12.636727553267823,-21.692056102095364,0.0
1788559304.0407171,-1.071581184449837,12.603041686094778,-21.816160745519596,0.0
1788559304.146521,-1.086051954894269,12.605868963718732,-21.871096691306434,0.0
1788559304.2350159,-1.1065710207336472,12.65400459619715,-21.67211053128733,0.0
1788559304.367396,-1.0667227228543412,12.611069343395856,-21.400453806670043,0.0
1788559304.459629,-1.0751201857672248,12.60985951816452,-21.553514964470082,0.0
1788559304.53071,-1.0612551239141428,12.603857168763826,-21.619591468497646,0.0
1788559304.599179,-1.074434422750791,12.607776039621871,-21.57295392978199,0.0
1788559304.742477,-1.0718261372930236,12.603424081110724,-21.764481264780045,0.0
1788559304.842967,-1.0780813598953123,12.603581291505385,-21.630556555277792,0.0
1788559304.99019,-1.0691759798751514,12.599071411069962,-21.619010462161214,0.0
1788559305.114253,-1.0980651842246931,12.637062393561392,-21.761036977369656,0.0
1788559305.254598,-1.0687343707808823,12.603959633848135,-21.694837357164374,0.0
1788559305.400079,-1.0944586039415487,12.632289951831362,-21.70493342414136,0.0
1788559305.537642,-1.0767423148551134,12.612559921798118,-21.831455221489477,0.0
1788559305.653068,-1.0831309570278913,12.555382818646224,-20.576859087642617,0.0
1788559305.8462489,-1.0778759378009315,12.608372690370754,-21.8605133945199,0.0
1788559306.064225,-1.078531489075126,12.608245202164916,-21.72747530794777,0.0
1788559306.29637,-1.1035610067212205,12.637042708348343,-21.689106500580323,0.0
1788559306.5889668,-1.078495681914644,12.59831860225159,-21.879544778871264,0.0
1788559306.830755,-1.0757707076117822,12.601982768624069,-21.812654968832078,0.0
1788559306.995883,-1.0702502266996923,12.59845099099751,-21.93741684858645,0.0
1788559307.162875,-1.0898885884484981,12.631043695535862,-21.436229793486632,0.0
1788559307.989273,-1.1085204342988748,12.638547746087665,-21.854030382596306,0.0
1788559308.1713321,-1.0945773607186562,12.628677914044843,-21.701896097256224,0.0
1788559308.3665102,-1.13112595570666,12.620695171833802,-22.398188840696463,0.0
1788559308.6120992,-1.0651975645311522,12.60757633996338,-21.662054013823138,0.0
1788559308.830891,-1.1002588747724387,12.645689562272574,-21.546884111523724,0.0
1788559309.041074,-1.097358434488425,12.63170907692157,-21.592312933702004,0.0
1788559309.239582,-1.1076200018151543,12.638288642327272,-21.716563453631665,0.0
1788559309.415877,-1.0968203111766457,12.628304356443548,-21.726778077088568,0.0
1788559309.546203,-1.1101467535243843,12.633948656001158,-21.7617725902071,0.0
1788559309.7384489,-1.0944272767388055,12.643232500957126,-21.63318404602441,0.0
1788559309.931617,-1.0586862098042367,12.604687409660169,-21.711419084312865,0.0
1788559310.137438,-1.06677997279443,12.608637138765626,-21.622977776930213,0.0
1788559310.3336298,-1.0739452044477467,12.601434714091381,-21.80716202646485,0.0
1788559310.5154188,-1.0815963692725783,12.60177544596898,-21.606781868845303,0.0
1788559310.672822,-1.096315370881395,12.632973009784457,-21.828962282267355,0.0
1788559310.857693,-1.092142772855151,12.63754546878202,-21.63242255950479,0.0
1788559311.077972,-1.0630218796101354,12.596865163836007,-21.68479867246586,0.0
1788559311.2165031,-1.0681133248110801,12.59949872048009,-22.05757450704101,0.0
1788559311.333269,-1.1065292394828474,12.616241125795595,-21.28197694505718,0.0
1788559311.4812381,-1.162000452471018,12.350384287379384,-13.572124377940497,0.0
1788559311.6233091,-1.2698700426850698,11.493056330633289,4.110924326564373,6.347467635184361
1788559311.765252,-1.0259932264736475,10.689396915240781,25.145567676896036,6.014251308280249
1788559311.862127,-0.6294336391957972,10.094158458932291,40.06255038104268,6.670255774117828
1788559311.9926531,-0.40118899226515276,9.870359807984066,46.73179676192251,0.0
1788559312.12815,-0.10431218915901956,9.509714826484945,54.16093136722358,0.0
1788559312.210239,-0.06342625441040604,9.451863558748629,58.36378942555896,0.0
1788559312.284086,0.0035773407447750793,9.406785819880742,58.6683828889997,0.0
1788559312.3836899,0.0004869993459361672,9.419151795593674,58.93661891862109,0.0
1788559312.786528,-0.0016076743541780006,9.42205993644285,59.15205934184135,0.0
1788559312.902357,-0.0012240973366782937,9.410081798363665,58.47586218735654,0.0
1788559312.9849422,-0.00018291935603927852,9.424599454172455,58.946297942520005,0.0
1788559313.108505,0.0002792016358968012,9.413304108243342,58.55511080339363,0.0
1788559313.176793,-0.004109480376190572,9.422188106128937,58.69455902338649,0.0
1788559313.318461,0.0014983531860630966,9.423490968848734,58.922197900554465,0.0
1788559313.394367,0.004729720516593476,9.415500501245567,58.73620628732024,0.0
1788559313.545599,0.001022269512642429,9.422080613228736,58.87903894232656,0.0
1788559313.665406,-0.009576027848402533,9.431712410522762,59.12497502477652,0.0
1788559313.8359911,-0.002877380525584514,9.414329533614866,58.53725362070662,0.0
1788559314.0033438,-0.0027646081775228913,9.418025564170142,58.766750946637444,0.0
1788559314.127691,-0.00539025895939385,9.413307780533964,58.789113816147335,0.0
1788559314.317206,0.006019685251937633,9.412547821651572,58.72994153375021,0.0
1788559314.572858,-0.0019665907504656005,9.41618972976921,58.7984058338925,0.0
1788559314.6946619,-0.002135555621576647,9.42748829888694,59.294519108013844,0.0
1788559314.940758,0.0030493306446203734,9.412701068343496,58.85308204918604,0.0
1788559315.1064372,-0.00937697228737219,9.428132579961227,59.005919750937124,0.0
1788559315.291332,-0.002497806640191401,9.413995417136285,58.65081679865051,0.0
1788559315.5049238,0.0045451757955512805,9.427857140492074,59.02673775174796,0.0
1788559315.677172,0.002470442865882619,9.418084142894175,58.71936628479193,0.0
1788559315.875386,-0.0024765904164674164,9.414259486281244,58.79209514370439,0.0
1788559316.088872,0.0030642022798051546,9.410115129582216,58.69601507062748,0.0
1788559316.822481,0.0031238327931353777,9.426509660831828,59.013452315588154,0.0
1788559317.0429409,-0.0003353902117728984,9.424497210324601,59.08513473171337,0.0
1788559317.219958,0.004620152636936781,9.413479227252441,58.3802713456939,0.0
1788559317.4420202,0.0012833381038087075,9.419691795135012,58.6991088116244,0.0
1788559317.6129138,0.0024570595608461037,9.413828080328647,58.715024916544166,0.0
1788559317.787931,-0.0011325141422091104,9.430841207992856,59.20187083719139,0.0
1788559318.018671,-0.0046205567581671814,9.410788255035829,58.66627516711711,0.0
1788559318.213104,0.0005158689266233034,9.411453013553414,58.674449692648295,0.0
1788559318.3903801,-0.0008955805157598207,9.427025640792612,58.94222461775237,0.0
1788559318.653322,0.0013450705820243745,9.413440576003214,58.60952052128536,0.0
1788559318.8544981,0.0015326012017632725,9.414625161950973,58.6876019031605,0.0
1788559319.061244,-0.006265644467553806,9.42789709706525,59.035236264504505,0.0
1788559319.2834802,0.0019468288577515085,9.410399325395215,58.639175885182624,0.0
1788559319.5168052,-0.006020352762821727,9.41368410269778,58.67819317634448,0.0
1788559319.709245,-0.011742995807318628,9.425890932483027,59.11348433822275,0.0
1788559319.909058,0.0034344422810673363,9.41269426086975,58.73154531317587,0.0
1788559320.116089,-0.008210321073930486,9.414919106777383,58.58160231912518,0.0
1788559320.242523,0.0003842748992149372,9.413079781993233,58.74295015362992,0.0
1788559320.3652759,0.026024152357083576,9.528704225118828,56.87511557549797,0.0
1788559320.501973,-0.22905151807500246,9.94841759246829,46.45900564375643,0.0
1788559320.6185431,-0.6635818728001895,10.656484085770222,28.057404241224248,7.155998514366204
1788559320.757068,-0.9422605200065958,11.447884392830336,5.08235474088039,6.033737192717226
1788559321.0334132,-0.18770827766318687,13.715938603817259,-52.06481608670157,8.660015329757782
1788559321.153148,0.5863959295099486,13.990799771252275,-67.27707649094657,6.8659698025009
1788559321.342695,1.3631050533245097,13.806217300694163,-80.9912622150799,4.263074816297927
1788559321.4793222,2.25629896436807,13.799744059535263,-99.09360738637042,6.427967540064325
1788559321.64043,2.58922224034217,13.73863430585699,-108.2326986500608,0.0
1788559321.9045131,2.783894170206704,13.695789935826536,-112.91753332983944,0.0
1788559321.980292,2.815964201306146,13.663269128262238,-112.96133874577856,0.0
1788559322.0781991,2.814106186456674,13.678863103662076,-112.79534981868619,0.0
1788559322.14852,2.7868391957312464,13.694347199309933,-112.74320675652001,0.0
1788559322.222991,2.815791948623651,13.668762409376932,-112.7807360289039,0.0
1788559322.358336,2.81458719250808,13.668004609054808,-112.74141342140274,0.0
1788559322.447859,2.782426279678083,13.697733413611559,-112.92100738894766,0.0
1788559322.567143,2.8114589159797196,13.670960848636994,-112.93670946411908,0.0
1788559322.670385,2.790718900613787,13.699321342519925,-112.7913872490675,0.0
1788559322.756237,2.8129311964151293,13.671183989316171,-112.94145235525923,0.0
1788559322.833021,2.7805305190597847,13.699679971331538,-112.90347499465884,0.0
1788559322.937519,2.82007842405375,13.672526322618483,-112.97552574803967,0.0
1788559323.0920289,2.7793006056711085,13.694610220077685,-112.79333947327655,0.0
1788559323.2005398,2.818342237316167,13.665382678065686,-113.04021372182552,0.0
1788559323.343446,2.7822318246417233,13.694774864847224,-112.82060238234345,0.0
1788559323.4660501,2.810715658357258,13.675950593975736,-112.93758855068859,0.0
1788559323.6006389,2.7803655490832986,13.695530285227349,-113.09980727872778,0.0
1788559323.759711,2.7868506709160323,13.697876837388886,-113.04894411095643,0.0
1788559323.856821,2.7835559553175524,13.697558508484036,-112.80622569601417,0.0
1788559323.9881039,2.7834302245160334,13.702356852379948,-112.86075057465735,0.0
1788559324.2363021,2.784033187160342,13.697020274821964,-112.73220077780718,0.0
1788559324.42013,2.8126222553055364,13.66360794677772,-112.97798858853162,0.0
1788559324.582908,2.818076268549091,13.663611787548515,-112.62148028270116,0.0
1788559324.7922812,2.7781118986321585,13.697642809243517,-112.8343104432322,0.0
1788559324.987591,2.857345110749797,13.651175222921392,-112.88157252043288,0.0
1788559325.183145,2.8065656302176216,13.696737492219306,-113.06026240664596,0.0
1788559325.409313,2.7862289720686566,13.70070624684306,-112.97466779074693,0.0
1788559326.0564811,2.7805514966502836,13.696086674134381,-113.01909291480763,0.0
1788559326.236358,2.814491669550134,13.670214998722676,-112.87104917262968,0.0
1788559326.452856,2.819315233767949,13.666800743742552,-112.88381818422425,0.0
1788559326.663469,2.8169281573071996,13.66512909778365,-112.88524876928159,0.0
1788559326.834848,2.877718742481198,13.63973370147584,-114.43957925598517,0.0
1788559327.027222,2.816472843912118,13.670749214212934,-112.70303650386694,0.0
1788559327.228822,2.8157754607843075,13.66303253602915,-113.07308774850344,0.0
1788559327.4128718,2.7799415751052683,13.695276660393914,-112.95268770537484,0.0
1788559327.56538,2.812937618768704,13.669156025491269,-112.74894589036012,0.0
1788559327.7803361,2.8100521693694445,13.67256250211956,-112.9580479734874,0.0
1788559327.953643,2.8113532958226592,13.666848042097538,-112.93852928951321,0.0
1788559328.1476638,2.816037339663353,13.677021117897372,-112.82578176253338,0.0
1788559328.344498,2.781292341110947,13.698143993896801,-112.93349170860262,0.0
1788559328.538885,2.780926798031104,13.698352164402783,-112.77559515773589,0.0
1788559328.7576241,2.8118658954765388,13.665455153550992,-112.79621152464426,0.0
1788559328.9844868,2.820835733579964,13.678395060718463,-113.10617922559254,0.0
1788559329.199508,2.7841880044023957,13.697236412102123,-112.90235336870239,0.0
1788559329.3420851,2.783123012219369,13.69775099819015,-112.89652962075286,0.0
1788559329.503058,2.8618884595313188,13.534149612777519,-111.87517570617104,0.0
1788559329.65572,2.365641138668471,13.744448528791994,-100.43242491265619,3.510942718924899
1788559329.7972,1.1582815374304753,13.654608509744797,-71.26828107616245,8.536676308920333
1788559330.192567,-0.8650437687964072,10.966609890716583,7.621580212388238,8.496517086845156
1788559330.316972,-0.6599143272255711,10.32505425314723,25.211870846683325,5.422075116796075
1788559330.4583712,-0.26768291562995083,9.838171765444448,36.846299552234996,4.428178211867001
1788559330.591674,0.06908830823623871,9.453073253288805,46.79772262857219,3.8032494798999297
1788559330.734346,0.3288090789011385,9.280524502760075,53.45826898599677,0.0
1788559330.859255,0.557349045330042,9.1393372551122,58.750534434822924,0.0
1788559330.9884832,0.8138168691688333,9.038217417516792,63.355068680256466,0.0
1788559331.14456,0.8193490401335375,9.018869628687444,63.957052319716865,0.0
1788559331.285253,0.8195959434731874,9.012741195635078,63.822754373040226,0.0
1788559331.355804,0.810820533601836,9.039332606984503,64.40604908661149,0.0
1788559331.480941,0.8193048799549899,9.031949650103556,64.11625909259513,0.0
1788559331.5485399,0.8161075193726335,9.032086208450998,64.39995505313209,0.0
1788559331.64605,0.8194316630404237,9.032505659364917,64.30959753670061,0.0
1788559331.78706,0.8120732904806739,9.02590368923729,64.36012001756558,0.0
1788559331.856761,0.8024234602320444,9.043494555073874,64.51687730446406,0.0
1788559331.982504,0.7673239081138138,9.089803441481072,64.70486841505158,0.0
1788559332.066398,0.8108224899450364,9.033573659455973,64.24306395278336,0.0
1788559332.131358,0.8073866421555633,9.043267870715047,64.45541041596886,0.0
1788559332.24627,0.8071141323741315,9.033706702174648,64.23086835840166,0.0
1788559332.317266,0.8068674936831556,9.0422990833187,64.68582897977615,0.0
1788559332.436477,0.8202718863683645,9.025317286586015,63.91582054887846,0.0
1788559332.574773,0.8059433203107415,9.04360412315482,64.39210884341861,0.0
1788559332.708145,0.8169112838057768,9.02912951425242,64.1431647571797,0.0
1788559332.83445,0.8050215325362948,9.044069627163692,64.55126519996989,0.0
1788559332.9649642,0.8143090874008603,9.032718396435971,64.1787297331646,0.0
1788559333.100534,0.8061056622468901,9.045259239663768,64.64893336065367,0.0
1788559333.2633789,0.8041603810860707,9.039757340248917,64.64895970959861,0.0
1788559333.392529,0.8158969217651101,9.042293983944424,64.29957613865542,0.0
1788559333.762573,0.8038817709336484,9.038649963376775,64.74031921614949,0.0
1788559333.9710689,0.8061244680943178,9.042442404331794,64.48693933474493,0.0
1788559334.15678,0.8193931975708402,9.022428269494718,63.96632555646201,0.0
1788559334.350348,0.803968324428246,9.04419747078437,64.51365178457223,0.0
1788559334.484104,0.8009419343567609,9.044045556361544,64.45134139365314,0.0
1788559334.67653,0.7713773778523043,9.08536185014018,64.24200187535791,0.0
1788559334.821166,0.8171132962108865,9.026250673909146,64.27800063936866,0.0
