t_host,vel_l_mmps,vel_r_mmps
0.06681458399998519,0,0
0.13926083400019706,0,0
0.21132149999994,0,0
0.30353474999992613,0,0
0.3555081250005969,3,0
0.42803249999997206,20,0
0.5026209590005237,36,20
0.6209645420003653,73,73
0.6433264170000257,126,129
0.7191419999999198,136,159
0.7870278340005825,185,182
0.8682728750000024,182,192
0.9349779590002072,202,202
1.0053388750002341,221,202
1.077234875000613,221,218
1.147190333999788,221,202
1.2201024169999073,202,212
1.2926729170003455,208,195
1.3661657090005974,202,202
1.4346267500004615,202,192
1.5085771250005564,192,182
1.5919016249999913,202,202
1.6518913750005595,195,221
1.7245805840002504,205,195
1.7950149170001168,192,221
1.867037750000236,202,202
1.942037750000054,205,211
2.012006208999992,201,202
2.083117625000341,195,202
2.157510750000256,192,201
2.2315048340005887,202,185
2.3000747090000004,201,182
2.3723210420002943,202,192
2.4451090000002296,202,202
2.5157625840001856,202,202
2.5882055419997414,212,205
2.660835792000398,202,202
2.7328324170002816,202,201
2.8102570420005577,195,205
2.8989943340002355,185,202
2.9504809170002773,201,192
3.0263917920001404,192,195
3.1016032090001318,202,202
3.165288459000294,175,182
3.2352753340001073,202,172
3.333012791999863,201,182
3.3797765839999556,192,202
3.4567031670003416,192,218
3.528823084000578,211,202
3.5989282919999823,205,202
3.6721065000001545,212,201
3.7433514590002233,212,202
3.8445883340000364,192,202
3.8863137500002267,201,212
3.956892875000449,202,195
4.0297256250005375,192,192
4.101881292000144,185,202
4.180236166999748,195,212
4.252267042000312,202,192
4.31837595900015,202,212
4.388240500000393,212,195
4.460690459000034,212,202
4.531218750000335,202,211
4.608458708999933,192,211
4.677468124999905,205,192
4.758416417000262,202,212
4.819650292000006,201,212
4.892903750000187,202,195
4.966409833999933,192,202
5.036998499999754,222,221
5.107506084000306,202,202
5.1788462089998575,202,202
5.252004709000175,185,182
5.327038667000124,165,155
5.396076625000205,136,149
5.478416124999967,129,149
5.545670667000195,119,109
5.613397459000225,93,93
5.68523741700028,63,83
5.757403499999782,56,56
5.827655541999775,36,36
5.898767874999976,30,20
5.972264125000038,20,20
6.043098084000121,26,0
6.116074000000481,10,0
6.20413041699976,0,0
6.261153958999785,0,0
6.331281583999953,-7,20
6.403156084000329,0,20
6.4778443750001315,0,36
6.552612041999964,0,36
6.619959499999823,-10,56
6.701986750000287,-43,76
6.762718916999802,-73,89
6.843336334000014,-93,83
6.907886709000195,-99,102
6.980249375000312,-112,83
7.052230416999919,-93,99
7.125114917000246,-102,93
7.196942334000596,-93,93
7.270872834000329,-89,83
7.341312833999837,-83,73
7.419476375000158,-73,73
7.484935958999813,-63,56
7.557225708999795,-56,56
7.629450459000509,-26,26
7.699861000000055,-36,36
7.774859125000148,-20,26
7.84561904200018,-20,0
7.9166901670005245,-20,0
7.988073708999764,-20,0
8.059345167000174,0,0
8.135067709000396,0,0
8.208107375000509,0,0
8.275815584000156,0,0
8.347402417000012,0,0
8.418399125000178,0,0
8.491762583999844,10,0
8.56292783400022,-17,0
8.625850750000609,0,0
8.682197875000384,0,-10
8.75656383400019,0,26
8.82732175000001,0,0
8.899669834000633,0,10
8.972569833999842,-2,26
9.04347933400004,36,40
9.11577545900036,73,73
9.190297291999741,109,99
9.261503042000186,139,129
9.332528709000144,165,155
9.40371583399974,165,165
9.475048041999798,185,185
9.55289591700057,205,175
9.618776834000528,202,202
9.691454625000006,202,202
9.76447379199999,202,211
9.833438667000337,202,212
9.911109667000346,202,218
9.979504375000033,205,212
10.05276695900011,202,185
10.125228709000112,211,218
10.194283917000575,202,182
10.26865991700015,202,202
10.342515625000487,202,192
10.41166612500001,192,192
10.49165395900036,212,211
10.558610709000277,195,192
10.631194624999807,192,175
10.70172575000015,205,201
10.77475937500003,192,202
10.846725334000439,202,221
10.917404583999996,202,192
10.987517667000247,202,192
11.059301584000423,192,202
11.131876500000544,192,202
11.208547959000498,208,202
11.27823562499998,212,202
11.347380500000327,192,192
11.41954050000004,202,202
11.491982999999891,202,195
11.564444667000316,202,221
11.634573000000273,202,202
11.709450000000288,202,211
11.781263834000129,185,185
11.867424000000028,175,211
11.92730233400016,172,155
11.99522079200051,139,149
12.066446959000132,129,112
12.142801209000027,102,99
12.209560750000492,89,73
12.288469834000352,53,73
12.354117667000537,53,36
12.42531712500022,46,36
12.499355459000071,10,30
12.574366750000081,17,0
12.645682584000497,0,0
12.715213542000129,10,0
12.787075959000504,0,0
12.859868459000609,0,0
12.930232792000425,0,0
13.004907500000627,0,0
13.074378541999977,0,0
13.162465999999768,0,0
13.220616874999905,0,0
13.292650250000406,0,0
13.366152749999856,0,17
13.436935749999975,0,26
13.509874000000309,0,30
13.579663000000437,-3,56
13.683354417000373,-53,76
13.726897583999744,-73,89
13.795583334000185,-93,92
13.871322125000006,-109,83
13.94239912500052,-93,92
14.01251025000056,-93,99
14.084406709000177,-83,83
14.17019879200052,-93,93
14.232168500000625,-102,83
14.29903595900032,-93,83
14.374030750000202,-83,83
14.4412743339999,-46,56
14.523808584000108,-46,46
14.587920959000257,-36,36
14.662602958999742,-20,43
14.73004520900031,-20,0
14.80326816700017,-20,0
14.881125709000116,-7,0
14.975999459000377,0,0
15.02409579200048,0,0
15.095470875000501,0,0
15.16115387500031,0,0
15.237779959000363,-10,0
15.321084500000325,0,0
15.377951958999802,0,10
15.450935458999993,0,0
15.52099866700064,0,0
15.595047792000514,0,0
15.667328334000558,0,40
15.736901416999899,36,76
15.815267124999991,73,73
15.884272667000005,122,112
15.958186584000032,139,146
16.027129750000313,165,165
16.099036125000566,185,185
16.17030162500032,185,182
16.24200320900036,202,201
16.315157875000295,221,202
16.39468725000006,211,212
16.464786833999824,202,221
16.533005125000273,205,211
16.603406375000304,192,195
16.679929709000135,201,212
16.745937499999854,202,182
16.820810291999805,202,195
16.891833042000144,202,202
16.965225167000426,202,192
17.034332042000642,195,192
17.107240584000465,195,192
17.181039292000605,192,212
17.252847333999853,202,218
17.326705625000614,205,202
17.395864916999926,202,195
17.467229709000094,202,202
17.540174875000048,211,202
17.61300066700005,191,185
17.681895917000475,212,192
17.76284187500005,205,175
17.826388584000597,192,202
17.900009083999976,202,182
17.97424883399981,202,185
18.043387917000473,195,202
18.114997458999824,202,212
18.185960417000388,192,175
18.259227958999872,192,205
18.32981637500052,205,201
18.410002583999812,192,195
18.47678087500026,202,195
18.547984499999984,201,202
18.620246167000005,192,211
18.692077749999953,202,221
18.767228624999916,212,202
18.832700334000037,202,202
18.90826825000022,202,202
18.977974209000422,201,185
19.05125679200046,192,202
19.12646545900043,202,212
19.198594792000222,212,202
19.26835687499988,202,192
19.35123837500032,195,192
19.41053112500049,202,192
19.484360041999935,192,212
19.558291625000493,202,205
19.628100625000116,202,192
19.707868667000184,202,192
19.77326266700038,172,202
19.84335745899989,201,202
19.916347125000357,212,202
19.986579291999988,211,202
20.059991209000145,211,202
20.13233458400009,202,221
20.202613500000552,202,211
20.275016375000632,202,202
20.3487917500006,202,195
20.42746816700037,182,182
20.49426512500031,202,185
20.562698292000277,182,182
20.635050083999886,175,165
20.706082499999866,149,139
20.780053542000132,119,119
20.851273959000537,93,83
20.924689542000124,73,63
20.995945583999855,53,53
21.074461584000346,46,56
21.140958625000167,20,20
21.211415834000036,10,36
21.3028743750001,10,0
21.34837066700038,0,0
21.402988124999865,0,0
21.481319459000588,-10,36
21.551022499999817,0,0
21.633713334000277,0,7
21.690854166999998,0,17
21.762386709000566,-36,56
21.84281375000046,-56,73
21.90845504200024,-93,93
21.978009166999982,-112,83
22.05317791700054,-99,73
22.124125625000488,-109,83
22.198246625000138,-89,102
22.266985209000268,-102,83
22.34004520899998,-99,93
22.410445084000457,-89,83
22.480683249999856,-83,73
22.556987959000253,-83,73
22.634223875000316,-66,66
22.698201125000196,-56,46
22.777020833999813,-36,30
22.84308983400024,-30,20
22.917137874999753,-36,40
22.984481459000563,-7,0
23.05748508400029,0,0
23.130333459000212,0,0
23.20514762499988,0,0
23.273612292000507,0,0
23.34663025000009,0,0
23.416585750000195,0,0
23.49571245900006,0,0
23.568663167000523,0,0
23.63408299999992,0,0
23.707928875000107,0,0
23.7777944999998,0,0
23.86928158400042,0,0
23.921054000000368,0,0
23.99343995900017,0,0
24.065875584000423,10,0
24.14568908399997,7,0
24.21255637500053,17,9
24.286446375000196,46,53
24.355723249999755,83,73
24.425755250000293,122,112
24.517729791999955,126,136
24.575341249999838,145,165
24.642385209000167,182,192
24.713569917000314,202,201
24.785629042000437,192,195
24.861345459000404,202,202
24.92963145900012,201,208
25.005498999999872,195,205
25.076142959000208,202,202
25.14546241700009,202,192
25.22377308400064,202,212
25.29260416699981,202,182
25.362585208999917,205,195
25.44392225000047,202,192
25.509331584000392,212,195
25.579413084000407,218,221
25.652790584000286,212,192
25.726323667000543,201,212
25.79423204199975,195,201
25.865607000000637,202,192
25.942226250000203,201,205
26.011927209000532,185,208
26.086183000000347,211,192
26.15670137500001,192,202
26.227243541999997,202,202
26.299660917000438,201,202
26.369432958999823,202,182
26.44173470900023,195,201
26.515557167000225,192,202
26.586713624999902,202,212
26.66845912500048,201,211
26.729541542000334,202,192
26.80772900000011,202,202
26.875995375000457,202,195
26.948097958999824,202,218
27.017506459000288,175,195
27.089783291999993,165,185
27.163352583999767,165,155
27.23762170900045,122,139
27.317800458999955,119,119
27.389206333999937,112,92
27.449160959000437,73,73
27.524265500000183,56,73
27.60143516700009,36,53
27.664359584000522,36,17
27.7396063340002,26,20
27.810286292000455,0,20
27.87535787500019,0,0
27.933692958999927,0,10
28.007366458999968,0,26
28.074599250000574,0,0
28.14846200000011,0,17
28.218757542000276,0,36
28.291436667000198,-36,53
28.364471959000184,-83,83
28.433514792000096,-102,93
28.512139750000642,-102,99
28.581161167000573,-93,93
28.656493749999754,-83,102
28.72273291700003,-89,83
28.794429042000047,-102,83
28.86648258400055,-113,93
28.93625670900019,-93,92
29.012887459000012,-83,73
29.08393150000029,-73,73
29.16826429200046,-63,56
29.236222417000135,-26,36
29.299208625000574,-26,36
29.369247749999886,-26,36
29.44407245900038,-30,0
29.516813625000395,17,0
29.585035250000146,30,0
29.65856341700055,0,0
29.729517417000352,0,0
29.801348709000195,0,0
29.879961458999787,-17,0
29.947362417000477,-26,0
30.024770209000053,-17,0
30.090157292000185,0,0
30.87878833400009,0,0
30.935855374999846,0,0
30.99011375000009,0,0
31.04493279200051,0,0
31.10644966700056,0,0
31.157330084000023,0,0
31.213330000000497,0,0
31.278043834000528,0,0
31.32504975000029,0,0
31.384012209000502,0,0
31.44305500000064,0,0
31.491778499999782,0,0
31.550195792000522,0,0
31.607271124999897,0,0
31.659803583999746,0,0
31.722073542000544,0,0
31.77905224999995,0,0
31.834119334000206,0,0
31.89116712499981,0,0
31.94100279200029,0,0
31.997831333999784,0,0
32.05296887500026,0,0
32.10891441700005,0,0
32.166957459000514,0,0
32.23425874999975,0,0
32.282618291999825,0,0
32.33856854199985,0,0
32.38945108400003,0,0
32.444304999999986,0,0
32.50558270900001,0,0
32.56037500000002,0,0
32.6142278340003,0,0
32.66929508400062,0,0
32.725447625000015,0,0
32.78103525000006,0,0
32.83565141700001,0,0
32.89619550000043,0,0
32.95116454199979,0,0
33.007184709000285,0,0
