commanded_total_cm,leg_idx,leg_cmd_cm,cam_x0_cm,cam_y0_cm,cam_yaw0_rad,cam_x1_cm,cam_y1_cm,cam_yaw1_rad,enc_x0_mm,enc_y0_mm,enc_h0_cdeg,enc_x1_mm,enc_y1_mm,enc_h1_cdeg,otos_x0_mm,otos_y0_mm,otos_h0_cdeg,otos_x1_mm,otos_y1_mm,otos_h1_cdeg,posl0,posr0,posl1,posr1,cyc0,cyc1,i2cf0,i2cf1,t_unix
10.0,0,10.0,49.6,30.6,3.104,39.8,30.4,3.142,-38,-329,37376,60,-304,37455,-1,-302,837,95,-288,973,20989,32772,22392,34200,5058,5311,2,2,1787938941.4
15.0,0,15.0,50.2,29.6,3.09,35.3,30.1,3.087,-42,-328,37227,106,-295,37252,0,-292,780,146,-276,726,23959,35695,26073,37817,6325,6578,3,3,1787938989.31
20.0,0,20.0,49.8,30.5,3.097,30.2,31.1,3.058,-40,-329,37395,155,-280,37392,0,-302,786,191,-274,834,28217,40006,31034,42822,7589,7842,3,3,1787939032.25
25.0,0,25.0,50.0,28.9,3.133,25.4,28.4,3.141,-43,-326,37658,197,-253,37639,0,-286,1071,241,-250,1012,33850,45722,37373,49239,8601,8854,3,3,1787939068.11
30.0,0,30.0,49.8,29.4,3.097,20.3,30.1,3.059,-43,-319,37573,245,-237,37570,-1,-291,861,287,-252,868,40928,52773,45145,56989,9866,10119,3,3,1787939111.31
35.0,0,35.0,50.1,29.8,3.079,15.7,31.8,3.014,-38,-343,74210,287,-211,74207,0,-308,1178,334,-248,1075,44089,67484,49012,72406,11889,12142,4,5,1787939180.02
40.0,0,40.0,49.7,29.8,3.137,10.3,30.9,3.148,-22,-366,111129,320,-158,111199,6,-320,1666,381,-220,1620,48289,83323,53895,88951,14166,14419,5,5,1787939256.91
45.0,0,45.0,49.9,30.2,3.113,5.7,30.6,3.149,-5,-397,148083,336,-102,148118,7,-333,2043,419,-190,2054,53839,100523,60156,106851,15939,16192,6,6,1787939322.87
50.0,0,50.0,49.4,31.4,3.087,0.4,32.7,3.061,32,-428,184885,361,-51,184885,19,-357,2350,464,-171,2323,60859,119145,67884,126170,17713,17967,6,7,1787939383.74
55.0,0,55.0,49.6,31.8,3.098,-4.4,33.9,3.017,65,-456,221725,363,7,221699,22,-372,2712,498,-140,2604,69237,139137,76973,146865,19485,19738,7,7,1787939444.94
60.0,0,60.0,50.3,29.9,3.108,-8.7,30.4,3.15,27,-438,222086,319,86,222131,-3,-354,2875,511,-87,2907,85248,155262,93668,163696,21764,22017,7,7,1787939520.71
65.0,0,65.0,49.5,29.1,3.141,-14.2,29.4,3.132,73,-452,259059,288,161,259078,10,-363,3320,544,-35,3295,96273,177943,105395,187071,23536,23789,10,10,1787939579.66
70.0,0,70.0,50.6,29.8,3.123,-18.2,30.7,3.164,129,-478,259199,345,188,259209,20,-392,3392,594,-36,3289,114626,196340,124457,206174,25560,25897,11,11,1787939649.93
75.0,0,75.0,50.3,28.8,3.126,-23.3,32.3,3.02,174,-486,259269,397,231,259234,34,-399,3397,651,-24,3204,134296,216032,144835,226560,27921,28258,12,12,1787939727.96
80.0,0,80.0,49.9,29.4,3.099,-28.6,31.2,3.104,152,-475,259615,344,302,259596,27,-400,3483,674,19,3385,155329,237174,166568,248407,30282,30621,14,14,1787939809.63
85.0,0,85.0,50.2,28.6,3.136,-33.3,27.2,3.153,209,-488,260107,341,352,260126,37,-415,3848,699,66,3750,177785,259785,189718,271724,32392,32729,14,15,1787939880.08
90.0,0,90.0,50.1,28.1,3.091,-38.2,31.9,3.083,276,-491,260065,422,397,260056,57,-432,3691,776,50,3464,201671,283658,214313,296297,34753,35092,18,20,1787939958.91
95.0,0,95.0,49.7,27.9,3.107,-43.6,31.5,3.07,348,-495,297070,336,455,297095,74,-459,4021,792,105,3950,221116,314769,234455,328116,37115,37536,20,22,1787940039.67
100.0,0,100.0,50.1,29.3,3.138,-48.1,32.4,3.107,337,-498,260804,371,501,260829,70,-464,3973,843,110,3802,253691,335911,267730,349958,40070,40491,23,25,1787940139.87
105.0,0,100.0,49.9,30.1,3.116,-48.3,31.4,3.098,431,-494,297936,268,493,297951,99,-505,4399,811,143,4312,276055,369981,290097,384028,43032,43453,25,26,1787940255.98
105.0,1,5.0,-48.3,31.5,4.661,-48.5,26.7,4.651,269,494,306966,219,486,306957,811,142,13294,778,177,13258,288686,385459,289394,386164,43705,43958,26,26,1787940274.41
110.0,0,100.0,50.0,29.3,3.081,-48.0,36.7,3.071,507,-477,334547,240,487,334588,118,-529,4536,813,137,4438,299180,404648,313222,418703,46235,46657,29,30,1787940365.27
110.0,1,10.0,-48.3,36.0,4.664,-48.7,26.8,4.655,236,490,343965,141,456,344009,808,141,13656,740,207,13674,311825,420262,313225,421676,46911,47164,31,31,1787940384.59
115.0,0,100.0,50.1,29.4,3.081,-48.1,32.8,3.115,602,-440,371841,126,440,371869,127,-545,5257,737,199,5155,323067,440292,337108,454342,49701,50124,35,36,1787940600.88
115.0,1,15.0,-48.1,33.1,4.63,-49.3,18.5,4.614,127,442,380881,-5,370,380900,735,197,14087,625,290,14070,335695,455770,337806,457887,50378,50631,37,38,1787940626.92
120.0,0,100.0,49.9,29.4,3.133,-48.3,30.7,3.104,686,-375,409070,33,384,409055,166,-574,5934,685,237,5817,347747,476709,361797,490754,53432,53855,41,42,1787940796.58
120.0,1,20.0,-48.4,30.9,4.633,-49.4,11.3,4.659,33,385,418086,-118,254,418120,684,235,14780,525,340,14778,360378,492182,363189,495004,54108,54362,42,42,1787940819.82
125.0,0,100.0,50.0,29.0,3.116,-48.2,30.4,3.086,746,-305,446060,-27,330,446079,187,-599,6372,635,252,6324,373281,513904,387325,527954,56642,57065,42,42,1787940922.45
125.0,1,25.0,-48.1,30.4,4.666,-49.3,5.9,4.654,-27,331,455100,-185,137,455103,635,250,15332,425,363,15252,385909,529382,389425,532899,57319,57572,42,42,1787940941.43
130.0,0,100.0,49.8,29.8,3.127,-48.4,29.6,3.13,794,-214,483122,-83,268,483157,219,-620,6921,594,268,6854,399681,551988,413720,566038,60113,60535,42,43,1787941064.06
130.0,1,30.0,-48.4,29.8,4.675,-49.9,0.4,4.651,-84,269,492163,-227,5,492159,592,267,15757,331,383,15656,412309,567466,416526,571682,60788,61041,43,43,1787941083.03
135.0,0,100.0,50.0,28.8,3.121,-48.3,32.5,3.084,822,-123,519962,-116,225,520007,235,-634,7229,573,268,7073,427134,591055,441170,605105,63826,64248,46,46,1787941221.69
135.0,1,35.0,-48.2,32.6,4.643,-50.6,-1.7,4.636,-117,227,529047,-234,-104,529047,572,266,16062,260,383,15999,439759,606544,444681,611466,64502,64758,46,46,1787941240.99
140.0,0,100.0,50.8,29.1,3.126,-47.4,30.3,3.108,838,-30,556634,-134,206,556625,269,-658,7722,513,273,7617,455445,630927,469496,644975,67305,67733,50,50,1787941351.39
140.0,1,40.0,-47.6,30.4,4.621,-49.9,-8.8,4.646,-136,207,565640,-230,-182,565637,512,271,16560,146,374,16477,468090,646411,473710,652030,67986,68239,50,50,1787941374.05
145.0,0,100.0,50.3,28.7,3.128,-48.0,32.1,3.097,828,74,593561,-170,151,593599,301,-663,8173,488,282,7983,484721,671844,498765,685900,71027,71448,52,53,1787941495.8
145.0,1,45.0,-47.9,32.3,4.653,-51.5,-11.8,4.632,-172,152,602620,-201,-297,602636,487,280,16959,69,369,16904,497354,687333,503671,693655,71701,71954,53,53,1787941514.67
150.0,0,100.0,49.7,29.8,3.118,-48.5,32.4,3.074,794,200,630728,-199,74,630763,338,-671,8546,441,288,8478,515010,713850,529049,727900,74232,74653,53,53,1787941606.73
150.0,1,50.0,-48.9,32.5,4.594,-52.5,-16.7,4.631,-201,74,639787,-133,-422,639841,440,287,17395,-31,349,17349,527649,729345,534671,736384,74905,75158,53,55,1787941625.46
155.0,0,100.0,50.0,28.9,3.124,-48.1,31.0,3.105,752,299,667860,-196,-20,667888,354,-678,9024,380,284,8977,546360,756906,560407,770962,77689,78110,55,55,1787941725.34
155.0,1,55.0,-48.3,31.1,4.632,-51.6,-23.0,4.641,-198,-20,676929,-16,-540,676945,379,282,17932,-142,304,17843,558996,772401,566724,780134,78363,78616,55,55,1787941744.03
160.0,0,100.0,50.5,28.6,3.069,-47.5,36.2,3.066,684,389,704630,-214,-54,704681,375,-689,9166,375,273,9066,578716,800854,592758,814912,80895,81320,56,56,1787941831.8
160.0,1,60.0,-47.8,35.5,4.654,-51.2,-23.2,4.623,-214,-60,714102,95,-575,714118,368,270,-17623,-200,250,-17699,591377,816501,599805,824934,81574,81827,56,56,1787941850.05
165.0,0,100.0,50.3,28.8,3.116,-48.0,29.9,3.095,592,471,742130,-159,-190,742165,386,-698,9925,262,256,9885,611752,845712,625797,859768,84360,84814,60,61,1787941952.49
165.0,1,60.0,-48.2,29.9,4.659,-51.2,-29.2,4.645,-161,-190,751196,240,-637,751231,262,254,-17121,-303,186,-17232,624383,861201,632811,869640,85067,85320,61,63,1787941970.72
165.0,2,5.0,-51.5,-29.2,-0.091,-46.6,-29.6,-0.092,239,-639,760271,276,-605,760290,-301,188,-8268,-295,140,-8270,631383,871062,632089,871774,85573,85826,63,63,1787941989.33
170.0,0,100.0,50.5,28.8,3.108,-47.8,30.1,3.153,481,526,779209,-134,-263,779218,418,-703,10350,226,240,10278,645266,890915,659311,904963,88356,88777,64,64,1787942085.72
170.0,1,60.0,-47.8,30.6,4.638,-52.1,-28.4,4.631,-136,-264,788248,340,-630,788274,226,239,-16802,-333,138,-16848,657897,906396,666322,914829,89030,89283,65,67,1787942103.95
170.0,2,10.0,-52.2,-28.5,-0.108,-42.5,-29.4,-0.114,340,-632,797323,400,-551,797314,-331,139,-7896,-314,45,-7902,664903,916263,666311,917668,89536,89789,67,67,1787942122.53
175.0,0,100.0,50.4,29.1,3.087,-47.8,33.6,3.067,358,562,816204,-112,-321,816235,457,-698,10671,211,231,10572,678995,936307,693036,950358,92328,92750,70,71,1787942235.39
175.0,1,60.0,-47.9,33.6,4.611,-52.7,-25.2,4.6,-113,-322,825291,422,-595,825292,211,228,-16402,-340,88,-16480,691614,951791,700042,960219,93003,93256,71,72,1787942257.35
175.0,2,15.0,-52.7,-25.2,-0.124,-38.0,-26.7,-0.121,422,-596,834339,490,-462,834323,-337,91,-7481,-301,-47,-7525,698620,961649,700739,963763,93509,93762,72,72,1787942276.94
180.0,0,100.0,50.4,29.2,3.106,-47.7,32.9,3.096,247,575,853276,-49,-381,853321,499,-689,11232,164,213,11166,712706,981705,726745,995758,96045,96468,74,76,1787942407.93
180.0,1,60.0,-47.8,33.1,4.625,-52.7,-25.8,4.613,-51,-382,862355,525,-552,862397,164,211,-15852,-373,21,-15920,725328,997189,733748,1005622,96721,96974,76,76,1787942427.26
180.0,2,20.0,-52.9,-25.9,-0.138,-33.1,-27.8,-0.105,526,-554,871447,580,-361,871463,-372,25,-6977,-307,-155,-7004,732323,1007050,735137,1009869,97227,97480,76,76,1787942445.59
185.0,0,100.0,50.5,29.3,3.106,-47.6,33.9,3.078,120,564,890321,2,-429,890322,531,-681,11648,124,194,11522,746656,1027333,760695,1041372,100019,100440,81,83,1787942571.23
185.0,1,60.0,-47.3,34.1,4.659,-53.4,-24.7,4.605,1,-430,899362,597,-497,899343,125,191,-15502,-400,-31,-15622,759273,1042800,767704,1051225,100693,100946,83,83,1787942589.79
185.0,2,25.0,-53.6,-24.6,-0.121,-29.1,-27.7,-0.125,598,-498,908393,625,-249,908453,-397,-28,-6586,-303,-249,-6585,766279,1052653,769790,1056183,101199,101452,83,83,1787942608.31
190.0,0,100.0,50.4,29.3,3.119,-47.7,33.5,3.075,5,531,927478,88,-466,927512,551,-673,12104,79,165,12003,780801,1073192,794837,1087239,103981,104403,85,87,1787942707.53
190.0,1,60.0,-47.8,33.6,4.625,-52.9,-25.2,4.614,87,-467,936543,685,-411,936521,80,162,-14979,-423,-104,-15143,793415,1088664,801845,1097087,104657,104910,88,88,1787942725.88
190.0,2,30.0,-53.2,-25.1,-0.121,-23.7,-29.0,-0.147,686,-412,945564,657,-113,945593,-421,-101,-6155,-288,-353,-6202,800407,1098500,804621,1102723,105163,105416,88,88,1787942744.79
195.0,0,100.0,50.5,29.5,3.103,-47.7,34.0,3.051,-108,467,964651,175,-492,964607,576,-663,12528,42,140,12377,815093,1119203,829146,1133242,107703,108124,88,90,1787942834.06
195.0,1,60.0,-47.8,34.0,4.589,-53.5,-24.8,4.604,175,-493,973641,751,-323,973686,43,137,-14660,-441,-162,-14704,827729,1134673,836151,1143109,108378,108631,90,90,1787942852.35
195.0,2,35.0,-53.6,-24.8,-0.141,-19.3,-29.0,-0.153,753,-324,982717,650,11,982673,-440,-158,-5738,-265,-440,-5854,834729,1144534,839657,1149448,108884,109136,90,90,1787942871.2
200.0,0,100.0,49.3,27.5,3.104,-48.9,30.6,3.097,-174,387,1001828,299,-494,1001863,574,-651,13006,-23,100,12923,849374,1165204,863407,1179248,111160,111581,94,95,1787942953.95
200.0,1,60.0,-48.8,30.9,4.644,-53.6,-28.2,4.625,299,-495,1010919,824,-203,1010973,-21,98,-14071,-478,-245,-14154,861977,1180673,870402,1189115,111834,112086,95,96,1787942975.68
200.0,2,40.0,-53.8,-28.1,-0.1,-14.7,-32.2,-0.128,825,-204,1020042,623,141,1020127,-477,-241,-5203,-244,-544,-5149,868963,1190535,874566,1196165,112340,112593,96,96,1787942995.81
