turn,commanded,t_rel,seq,now,flags,x,y,h,ox,oy,oh,vl,vr,i2cf,cyc,posl,posr,dutl,dutr,lexc,wrng,cycovr
1,90,0.022,34,387385,31,10,23,47735,0,0,0,0,0,25,212,-5613,7075,0,0,0,0,0
1,90,0.325,37,387581,31,9,24,48111,0,0,0,-16,56,28,219,-5638,7150,-1400,1200,0,0,0
1,90,0.399,39,387725,31,7,27,48758,0,0,0,-46,82,28,225,-5683,7277,-2100,2200,0,0,0
1,90,0.47,40,387797,31,6,28,49451,0,0,0,-76,128,28,228,-5750,7394,-2500,2500,0,0,0
1,90,0.539,41,387869,31,5,30,50399,0,0,0,-128,164,28,231,-5855,7541,-2700,2700,0,0,0
1,90,0.611,42,387941,31,3,30,51520,0,0,0,-154,174,28,234,-5983,7711,-2700,2700,0,0,0
1,90,0.686,43,388013,31,2,31,52743,0,0,0,-154,210,28,237,-6122,7897,-2700,2700,0,0,0
1,90,0.759,44,388085,31,0,31,53962,0,0,0,-154,190,28,240,-6266,8077,-2700,2600,0,0,0
1,90,0.827,45,388157,31,-1,31,55177,0,0,0,-164,190,28,243,-6411,8255,-2600,2400,0,0,0
1,90,0.985,46,388229,31,-2,31,56336,0,0,0,-158,172,28,246,-6558,8416,-1800,1500,0,0,0
1,90,1.087,48,388417,31,-2,31,57435,0,0,0,0,0,28,256,-6705,8561,0,0,0,0,0
1,90,1.158,49,388489,31,-2,31,57435,0,0,0,0,0,28,259,-6705,8561,0,0,0,0,0
1,90,1.23,50,388561,31,-2,31,57435,0,0,0,0,0,28,262,-6705,8561,0,0,0,0,0
1,90,1.302,51,388633,31,-2,31,57435,0,0,0,0,0,28,265,-6705,8561,0,0,0,0,0
1,90,1.376,52,388705,31,-2,31,57435,0,0,0,0,0,28,268,-6705,8561,0,0,0,0,0
1,90,1.447,53,388777,31,-2,31,57435,0,0,0,0,0,28,271,-6705,8561,0,0,0,0,0
1,90,1.521,54,388849,31,-2,31,57435,0,0,0,0,0,28,274,-6705,8561,0,0,0,0,0
1,90,1.592,55,388921,31,-2,31,57435,0,0,0,0,0,28,277,-6705,8561,0,0,0,0,0
1,90,1.66,56,388993,31,-2,31,57435,0,0,0,0,0,28,280,-6705,8561,0,0,0,0,0
1,90,1.731,57,389065,31,-2,31,57435,0,0,0,0,0,28,283,-6705,8561,0,0,0,0,0
1,90,1.877,58,389137,31,-2,31,57435,0,0,0,0,0,28,286,-6705,8561,0,0,0,0,0
1,90,1.948,60,389281,31,-2,31,57435,0,0,0,0,0,28,292,-6705,8561,0,0,0,0,0
1,90,2.02,61,389353,31,-2,31,57435,0,0,0,0,0,28,295,-6705,8561,0,0,0,0,0
1,90,2.092,62,389425,31,-2,31,57435,0,0,0,0,0,28,298,-6705,8561,0,0,0,0,0
1,90,2.164,63,389497,31,-2,31,57435,0,0,0,0,0,28,301,-6705,8561,0,0,0,0,0
1,90,2.237,64,389569,31,-2,31,57435,0,0,0,0,0,28,304,-6705,8561,0,0,0,0,0
1,90,2.309,65,389641,31,-2,31,57435,0,0,0,0,0,28,307,-6705,8561,0,0,0,0,0
1,90,2.379,66,389713,31,-2,31,57435,0,0,0,0,0,28,310,-6705,8561,0,0,0,0,0
1,90,2.451,67,389785,31,-2,31,57435,0,0,0,0,0,28,313,-6705,8561,0,0,0,0,0
1,90,2.524,68,389857,31,-2,31,57435,0,0,0,0,0,28,316,-6705,8561,0,0,0,0,0
1,90,2.597,69,389929,31,-2,31,57435,0,0,0,0,0,28,319,-6705,8561,0,0,0,0,0
1,90,2.668,70,390001,31,-2,31,57435,0,0,0,0,0,28,322,-6705,8561,0,0,0,0,0
1,90,2.742,71,390073,31,-2,31,57435,0,0,0,0,0,28,325,-6705,8561,0,0,0,0,0
1,90,2.818,72,390145,31,-2,31,57435,0,0,0,0,0,28,328,-6705,8561,0,0,0,0,0
1,90,2.883,73,390217,31,-2,31,57435,0,0,0,0,0,28,331,-6705,8561,0,0,0,0,0
1,90,2.956,74,390289,31,-2,31,57435,0,0,0,0,0,28,334,-6705,8561,0,0,0,0,0
1,90,3.029,75,390361,31,-2,31,57435,0,0,0,0,0,28,337,-6705,8561,0,0,0,0,0
1,90,3.1,76,390433,31,-2,31,57435,0,0,0,0,0,28,340,-6705,8561,0,0,0,0,0
1,90,3.176,77,390505,31,-2,31,57435,0,0,0,0,0,28,343,-6705,8561,0,0,0,0,0
1,90,3.32,78,390577,31,-2,31,57435,0,0,0,0,0,28,346,-6705,8561,0,0,0,0,0
1,90,3.394,80,390721,31,-2,31,57435,0,0,0,0,0,28,352,-6705,8561,0,0,0,0,0
2,-90,0.151,37,417297,31,26,30,47900,0,0,0,0,0,38,416,-5838,6894,0,0,0,0,0
2,-90,0.207,38,417353,31,26,30,47900,0,0,0,0,0,38,416,-5838,6894,0,0,0,0,0
2,-90,0.265,39,417409,31,26,30,47900,0,0,0,0,0,38,416,-5838,6894,0,0,0,0,0
2,-90,0.326,40,417465,31,26,30,47900,0,0,0,0,0,38,416,-5838,6894,0,0,0,0,0
2,-90,0.382,41,417521,31,26,30,47900,0,0,0,0,0,38,416,-5838,6894,0,0,0,0,0
2,-90,0.433,42,417577,31,26,30,47900,0,0,0,0,0,38,416,-5838,6894,0,0,0,0,0
2,-90,0.494,43,417633,31,26,30,47900,0,0,0,0,0,38,416,-5838,6894,0,0,0,0,0
2,-90,0.543,44,417689,31,26,30,47900,0,0,0,0,0,38,416,-5838,6894,0,0,0,0,0
2,-90,0.598,45,417745,31,26,30,47900,0,0,0,0,0,38,416,-5838,6894,0,0,0,0,0
2,-90,0.66,46,417801,31,26,30,47900,0,0,0,0,0,38,416,-5838,6894,0,0,0,0,0
2,-90,0.709,47,417853,31,26,30,47900,0,0,0,0,0,38,416,-5838,6894,0,0,0,0,0
2,-90,0.765,48,417909,31,26,30,47900,0,0,0,0,0,38,416,-5838,6894,0,0,0,0,0
2,-90,0.822,49,417965,31,26,30,47900,0,0,0,0,0,38,416,-5838,6894,0,0,0,0,0
2,-90,0.875,50,418021,31,26,30,47900,0,0,0,0,0,38,416,-5838,6894,0,0,0,0,0
2,-90,0.932,51,418077,31,26,30,47900,0,0,0,0,0,38,416,-5838,6894,0,0,0,0,0
2,-90,0.996,52,418133,31,26,30,47900,0,0,0,0,0,38,416,-5838,6894,0,0,0,0,0
2,-90,1.045,53,418189,31,26,30,47900,0,0,0,0,0,38,416,-5838,6894,0,0,0,0,0
2,-90,1.102,54,418245,31,26,30,47900,0,0,0,0,0,38,416,-5838,6894,0,0,0,0,0
2,-90,1.188,55,418301,31,26,30,47900,0,0,0,0,0,38,416,-5838,6894,0,0,0,0,0
2,-90,1.268,57,418413,31,26,30,47900,0,0,0,0,0,38,416,-5838,6894,0,0,0,0,0
2,-90,1.324,58,418469,31,26,30,47900,0,0,0,0,0,38,416,-5838,6894,0,0,0,0,0
2,-90,1.384,59,418525,31,26,30,47900,0,0,0,0,0,38,416,-5838,6894,0,0,0,0,0
2,-90,1.436,60,418581,31,26,30,47900,0,0,0,0,0,38,416,-5838,6894,0,0,0,0,0
2,-90,1.494,61,418637,31,26,30,47900,0,0,0,0,0,38,416,-5838,6894,0,0,0,0,0
2,-90,1.555,62,418693,31,26,30,47900,0,0,0,0,0,38,416,-5838,6894,0,0,0,0,0
2,-90,1.613,63,418749,31,26,30,47900,0,0,0,0,0,38,416,-5838,6894,0,0,0,0,0
2,-90,1.674,64,418805,31,26,30,47900,0,0,0,0,0,38,416,-5838,6894,0,0,0,0,0
2,-90,1.72,65,418861,31,26,30,47900,0,0,0,0,0,38,416,-5838,6894,0,0,0,0,0
2,-90,1.767,66,418913,31,26,30,47900,0,0,0,0,0,38,416,-5838,6894,0,0,0,0,0
2,-90,1.83,67,418969,31,26,30,47900,0,0,0,0,0,38,416,-5838,6894,0,0,0,0,0
2,-90,1.882,68,419025,31,26,30,47900,0,0,0,0,0,38,416,-5838,6894,0,0,0,0,0
2,-90,1.935,69,419081,31,26,30,47900,0,0,0,0,0,38,416,-5838,6894,0,0,0,0,0
2,-90,1.991,70,419137,31,26,30,47900,0,0,0,0,0,38,416,-5838,6894,0,0,0,0,0
2,-90,2.049,71,419193,31,26,30,47900,0,0,0,0,0,38,416,-5838,6894,0,0,0,0,0
2,-90,2.106,72,419249,31,26,30,47900,0,0,0,0,0,38,416,-5838,6894,0,0,0,0,0
2,-90,2.164,73,419305,31,26,30,47900,0,0,0,0,0,38,416,-5838,6894,0,0,0,0,0
2,-90,2.214,74,419361,31,26,30,47900,0,0,0,0,0,38,416,-5838,6894,0,0,0,0,0
2,-90,2.302,75,419417,31,26,30,47900,0,0,0,0,0,38,416,-5838,6894,0,0,0,0,0
2,-90,2.385,77,419529,31,26,30,47900,0,0,0,0,0,38,416,-5838,6894,0,0,0,0,0
2,-90,2.442,78,419585,31,26,30,47900,0,0,0,0,0,38,416,-5838,6894,0,0,0,0,0
2,-90,2.499,79,419641,31,26,30,47900,0,0,0,0,0,38,416,-5838,6894,0,0,0,0,0
2,-90,2.552,80,419697,31,26,30,47900,0,0,0,0,0,38,416,-5838,6894,0,0,0,0,0
2,-90,2.608,81,419753,31,26,30,47900,0,0,0,0,0,38,416,-5838,6894,0,0,0,0,0
2,-90,2.669,82,419809,31,26,30,47900,0,0,0,0,0,38,416,-5838,6894,0,0,0,0,0
2,-90,2.724,83,419865,31,26,30,47900,0,0,0,0,0,38,416,-5838,6894,0,0,0,0,0
2,-90,2.785,84,419921,31,26,30,47900,0,0,0,0,0,38,416,-5838,6894,0,0,0,0,0
2,-90,2.839,85,419973,31,26,30,47900,0,0,0,0,0,38,416,-5838,6894,0,0,0,0,0
2,-90,2.905,86,420029,31,26,30,47900,0,0,0,0,0,38,416,-5838,6894,0,0,0,0,0
2,-90,2.941,87,420085,31,26,30,47900,0,0,0,0,0,38,416,-5838,6894,0,0,0,0,0
2,-90,2.997,88,420141,31,26,30,47900,0,0,0,0,0,38,416,-5838,6894,0,0,0,0,0
2,-90,3.053,89,420197,31,26,30,47900,0,0,0,0,0,38,416,-5838,6894,0,0,0,0,0
2,-90,3.114,90,420253,31,26,30,47900,0,0,0,0,0,38,416,-5838,6894,0,0,0,0,0
2,-90,3.166,91,420309,31,26,30,47900,0,0,0,0,0,38,416,-5838,6894,0,0,0,0,0
2,-90,3.23,92,420365,31,26,30,47900,0,0,0,0,0,38,416,-5838,6894,0,0,0,0,0
2,-90,3.274,93,420421,31,26,30,47900,0,0,0,0,0,38,416,-5838,6894,0,0,0,0,0
2,-90,3.332,94,420477,31,26,30,47900,0,0,0,0,0,38,416,-5838,6894,0,0,0,0,0
2,-90,3.425,95,420533,31,26,30,47900,0,0,0,0,0,38,416,-5838,6894,0,0,0,0,0
2,-90,3.502,97,420645,31,26,30,47900,0,0,0,0,0,38,416,-5838,6894,0,0,0,0,0
2,-90,3.557,98,420701,31,26,30,47900,0,0,0,0,0,38,416,-5838,6894,0,0,0,0,0
2,-90,3.611,99,420757,31,26,30,47900,0,0,0,0,0,38,416,-5838,6894,0,0,0,0,0
2,-90,3.667,100,420813,31,26,30,47900,0,0,0,0,0,38,416,-5838,6894,0,0,0,0,0
2,-90,3.726,101,420869,31,26,30,47900,0,0,0,0,0,38,416,-5838,6894,0,0,0,0,0
2,-90,3.784,102,420925,31,26,30,47900,0,0,0,0,0,38,416,-5838,6894,0,0,0,0,0
2,-90,3.84,103,420981,31,26,30,47900,0,0,0,0,0,38,416,-5838,6894,0,0,0,0,0
2,-90,3.89,104,421033,31,26,30,47900,0,0,0,0,0,38,416,-5838,6894,0,0,0,0,0
2,-90,3.943,105,421089,31,26,30,47900,0,0,0,0,0,38,416,-5838,6894,0,0,0,0,0
2,-90,3.999,106,421145,31,26,30,47900,0,0,0,0,0,38,416,-5838,6894,0,0,0,0,0
2,-90,4.057,107,421201,31,26,30,47900,0,0,0,0,0,38,416,-5838,6894,0,0,0,0,0
2,-90,4.121,108,421257,31,26,30,47900,0,0,0,0,0,38,416,-5838,6894,0,0,0,0,0
2,-90,4.179,109,421313,31,26,30,47900,0,0,0,0,0,38,416,-5838,6894,0,0,0,0,0
2,-90,4.231,110,421369,31,26,30,47900,0,0,0,0,0,38,416,-5838,6894,0,0,0,0,0
2,-90,4.293,111,421425,31,26,30,47900,0,0,0,0,0,38,416,-5838,6894,0,0,0,0,0
2,-90,4.336,112,421481,31,26,30,47900,0,0,0,0,0,38,416,-5838,6894,0,0,0,0,0
2,-90,4.393,113,421537,31,26,30,47900,0,0,0,0,0,38,416,-5838,6894,0,0,0,0,0
2,-90,4.449,114,421593,31,26,30,47900,0,0,0,0,0,38,416,-5838,6894,0,0,0,0,0
2,-90,4.536,115,421649,31,26,30,47900,0,0,0,0,0,38,416,-5838,6894,0,0,0,0,0
2,-90,4.617,117,421761,31,26,30,47900,0,0,0,0,0,38,416,-5838,6894,0,0,0,0,0
2,-90,4.685,118,421817,31,26,30,47900,0,0,0,0,0,38,416,-5838,6894,0,0,0,0,0
2,-90,4.73,119,421873,31,26,30,47900,0,0,0,0,0,38,416,-5838,6894,0,0,0,0,0
2,-90,4.787,120,421929,31,26,30,47900,0,0,0,0,0,38,416,-5838,6894,0,0,0,0,0
2,-90,4.853,121,421985,31,26,30,47900,0,0,0,0,0,38,416,-5838,6894,0,0,0,0,0
2,-90,4.903,122,422041,31,26,30,47900,0,0,0,0,0,38,416,-5838,6894,0,0,0,0,0
2,-90,4.949,123,422093,31,26,30,47900,0,0,0,0,0,38,416,-5838,6894,0,0,0,0,0
2,-90,5.063,124,422149,31,26,30,47900,0,0,0,0,0,38,416,-5838,6894,0,0,0,0,0
2,-90,5.122,125,422205,31,26,30,47900,0,0,0,0,0,38,416,-5838,6894,0,0,0,0,0
2,-90,5.123,126,422261,31,26,30,47900,0,0,0,0,0,38,416,-5838,6894,0,0,0,0,0
2,-90,5.174,127,422317,31,26,30,47900,0,0,0,0,0,38,416,-5838,6894,0,0,0,0,0
2,-90,5.242,0,422373,31,26,30,47900,0,0,0,0,0,38,416,-5838,6894,0,0,0,0,0
2,-90,5.332,1,422429,31,26,30,47900,0,0,0,0,0,38,416,-5838,6894,0,0,0,0,0
2,-90,5.395,2,422485,31,26,30,47900,0,0,0,0,0,38,416,-5838,6894,0,0,0,0,0
2,-90,5.418,3,422541,31,26,30,47900,0,0,0,0,0,38,416,-5838,6894,0,0,0,0,0
2,-90,5.458,4,422597,31,26,30,47900,0,0,0,0,0,38,416,-5838,6894,0,0,0,0,0
2,-90,5.515,5,422653,31,26,30,47900,0,0,0,0,0,38,416,-5838,6894,0,0,0,0,0
2,-90,5.566,6,422709,31,26,30,47900,0,0,0,0,0,38,416,-5838,6894,0,0,0,0,0
2,-90,5.652,7,422765,31,26,30,47900,0,0,0,0,0,38,416,-5838,6894,0,0,0,0,0
2,-90,5.733,9,422877,31,26,30,47900,0,0,0,0,0,38,416,-5838,6894,0,0,0,0,0
2,-90,5.788,10,422933,31,26,30,47900,0,0,0,0,0,38,416,-5838,6894,0,0,0,0,0
2,-90,5.846,11,422989,31,26,30,47900,0,0,0,0,0,38,416,-5838,6894,0,0,0,0,0
2,-90,5.91,12,423045,31,26,30,47900,0,0,0,0,0,38,416,-5838,6894,0,0,0,0,0
2,-90,5.969,13,423101,31,26,30,47900,0,0,0,0,0,38,416,-5838,6894,0,0,0,0,0
2,-90,6.021,14,423153,31,26,30,47900,0,0,0,0,0,38,416,-5838,6894,0,0,0,0,0
2,-90,6.102,15,423209,31,26,30,47900,0,0,0,0,0,38,416,-5838,6894,0,0,0,0,0
2,-90,6.117,16,423265,31,26,30,47900,0,0,0,0,0,38,416,-5838,6894,0,0,0,0,0
2,-90,6.176,17,423321,31,26,30,47900,0,0,0,0,0,38,416,-5838,6894,0,0,0,0,0
2,-90,6.233,18,423377,31,26,30,47900,0,0,0,0,0,38,416,-5838,6894,0,0,0,0,0
2,-90,6.29,19,423433,31,26,30,47900,0,0,0,0,0,38,416,-5838,6894,0,0,0,0,0
2,-90,6.36,20,423489,31,26,30,47900,0,0,0,0,0,38,416,-5838,6894,0,0,0,0,0
2,-90,6.465,21,423545,31,26,30,47900,0,0,0,0,0,38,416,-5838,6894,0,0,0,0,0
2,-90,6.502,22,423601,31,26,30,47900,0,0,0,0,0,38,416,-5838,6894,0,0,0,0,0
2,-90,6.53,23,423657,31,26,30,47900,0,0,0,0,0,38,416,-5838,6894,0,0,0,0,0
2,-90,6.571,24,423713,31,26,30,47900,0,0,0,0,0,38,416,-5838,6894,0,0,0,0,0
2,-90,6.664,25,423769,31,26,30,47900,0,0,0,0,0,38,416,-5838,6894,0,0,0,0,0
2,-90,6.729,26,423825,31,26,30,47900,0,0,0,0,0,38,416,-5838,6894,0,0,0,0,0
2,-90,6.768,27,423881,31,26,30,47900,0,0,0,0,0,38,416,-5838,6894,0,0,0,0,0
2,-90,6.849,29,423993,31,26,30,47900,0,0,0,0,0,38,416,-5838,6894,0,0,0,0,0
2,-90,6.906,30,424049,31,26,30,47900,0,0,0,0,0,38,416,-5838,6894,0,0,0,0,0
2,-90,6.968,31,424105,31,26,30,47900,0,0,0,0,0,38,416,-5838,6894,0,0,0,0,0
2,-90,7.022,32,424161,31,26,30,47900,0,0,0,0,0,38,416,-5838,6894,0,0,0,0,0
2,-90,7.074,33,424213,31,26,30,47900,0,0,0,0,0,38,416,-5838,6894,0,0,0,0,0
2,-90,7.13,34,424269,31,26,30,47900,0,0,0,0,0,38,416,-5838,6894,0,0,0,0,0
2,-90,7.207,35,424325,31,26,30,47900,0,0,0,0,0,38,416,-5838,6894,0,0,0,0,0
2,-90,7.243,36,424381,31,26,30,47900,0,0,0,0,0,38,416,-5838,6894,0,0,0,0,0
2,-90,7.297,37,424437,31,26,30,47900,0,0,0,0,0,38,416,-5838,6894,0,0,0,0,0
2,-90,7.4,38,424493,31,26,30,47900,0,0,0,0,0,38,416,-5838,6894,0,0,0,0,0
2,-90,7.405,39,424549,31,26,30,47900,0,0,0,0,0,38,416,-5838,6894,0,0,0,0,0
2,-90,7.462,40,424605,31,26,30,47900,0,0,0,0,0,38,416,-5838,6894,0,0,0,0,0
2,-90,7.52,41,424661,31,26,30,47900,0,0,0,0,0,38,416,-5838,6894,0,0,0,0,0
2,-90,7.572,42,424717,31,26,30,47900,0,0,0,0,0,38,416,-5838,6894,0,0,0,0,0
2,-90,7.63,43,424773,31,26,30,47900,0,0,0,0,0,38,416,-5838,6894,0,0,0,0,0
2,-90,7.701,44,424829,31,26,30,47900,0,0,0,0,0,38,416,-5838,6894,0,0,0,0,0
2,-90,7.752,45,424885,31,26,30,47900,0,0,0,0,0,38,416,-5838,6894,0,0,0,0,0
2,-90,7.794,46,424941,31,26,30,47900,0,0,0,0,0,38,416,-5838,6894,0,0,0,0,0
2,-90,7.884,47,424997,31,26,30,47900,0,0,0,0,0,38,416,-5838,6894,0,0,0,0,0
2,-90,7.969,49,425109,31,26,30,47900,0,0,0,0,0,38,416,-5838,6894,0,0,0,0,0
2,-90,8.023,50,425165,31,26,30,47900,0,0,0,0,0,38,416,-5838,6894,0,0,0,0,0
2,-90,8.078,51,425221,31,26,30,47900,0,0,0,0,0,38,416,-5838,6894,0,0,0,0,0
2,-90,8.13,52,425273,31,26,30,47900,0,0,0,0,0,38,416,-5838,6894,0,0,0,0,0
2,-90,8.182,53,425329,31,26,30,47900,0,0,0,0,0,38,416,-5838,6894,0,0,0,0,0
2,-90,8.246,54,425385,31,26,30,47900,0,0,0,0,0,38,416,-5838,6894,0,0,0,0,0
2,-90,8.296,55,425441,31,26,30,47900,0,0,0,0,0,38,416,-5838,6894,0,0,0,0,0
2,-90,8.357,56,425497,31,26,30,47900,0,0,0,0,0,38,416,-5838,6894,0,0,0,0,0
2,-90,8.419,57,425553,31,26,30,47900,0,0,0,0,0,38,416,-5838,6894,0,0,0,0,0
2,-90,8.481,58,425609,31,26,30,47900,0,0,0,0,0,38,416,-5838,6894,0,0,0,0,0
2,-90,8.525,59,425665,31,26,30,47900,0,0,0,0,0,38,416,-5838,6894,0,0,0,0,0
2,-90,8.579,60,425721,31,26,30,47900,0,0,0,0,0,38,416,-5838,6894,0,0,0,0,0
2,-90,8.64,61,425777,31,26,30,47900,0,0,0,0,0,38,416,-5838,6894,0,0,0,0,0
2,-90,8.691,62,425833,31,26,30,47900,0,0,0,0,0,38,416,-5838,6894,0,0,0,0,0
2,-90,8.744,63,425889,31,26,30,47900,0,0,0,0,0,38,416,-5838,6894,0,0,0,0,0
2,-90,8.818,64,425945,31,26,30,47900,0,0,0,0,0,38,416,-5838,6894,0,0,0,0,0
2,-90,8.858,65,426001,31,26,30,47900,0,0,0,0,0,38,416,-5838,6894,0,0,0,0,0
2,-90,8.922,66,426057,31,26,30,47900,0,0,0,0,0,38,416,-5838,6894,0,0,0,0,0
2,-90,9.003,67,426113,31,26,30,47900,0,0,0,0,0,38,416,-5838,6894,0,0,0,0,0
2,-90,9.158,69,426225,31,26,30,47900,0,0,0,0,0,38,416,-5838,6894,0,0,0,0,0
2,-90,9.163,70,426281,31,26,30,47900,0,0,0,0,0,38,416,-5838,6894,0,0,0,0,0
2,-90,9.235,71,426333,31,26,30,47900,0,0,0,0,0,38,416,-5838,6894,0,0,0,0,0
2,-90,9.268,72,426389,31,26,30,47900,0,0,0,0,0,38,416,-5838,6894,0,0,0,0,0
2,-90,9.299,73,426445,31,26,30,47900,0,0,0,0,0,38,416,-5838,6894,0,0,0,0,0
2,-90,9.358,74,426501,31,26,30,47900,0,0,0,0,0,38,416,-5838,6894,0,0,0,0,0
2,-90,9.413,75,426557,31,26,30,47900,0,0,0,0,0,38,416,-5838,6894,0,0,0,0,0
2,-90,9.487,76,426613,31,26,30,47900,0,0,0,0,0,38,416,-5838,6894,0,0,0,0,0
2,-90,9.528,77,426669,31,26,30,47900,0,0,0,0,0,38,416,-5838,6894,0,0,0,0,0
2,-90,9.583,78,426725,31,26,30,47900,0,0,0,0,0,38,416,-5838,6894,0,0,0,0,0
2,-90,9.636,79,426781,31,26,30,47900,0,0,0,0,0,38,416,-5838,6894,0,0,0,0,0
2,-90,9.696,80,426837,31,26,30,47900,0,0,0,0,0,38,416,-5838,6894,0,0,0,0,0
2,-90,9.75,81,426893,31,26,30,47900,0,0,0,0,0,38,416,-5838,6894,0,0,0,0,0
2,-90,9.801,82,426949,31,26,30,47900,0,0,0,0,0,38,416,-5838,6894,0,0,0,0,0
2,-90,9.861,83,427005,31,26,30,47900,0,0,0,0,0,38,416,-5838,6894,0,0,0,0,0
2,-90,9.917,84,427061,31,26,30,47900,0,0,0,0,0,38,416,-5838,6894,0,0,0,0,0
2,-90,9.974,85,427117,31,26,30,47900,0,0,0,0,0,38,416,-5838,6894,0,0,0,0,0
2,-90,10.028,86,427173,31,26,30,47900,0,0,0,0,0,38,416,-5838,6894,0,0,0,0,0
2,-90,10.118,87,427229,31,26,30,47900,0,0,0,0,0,38,416,-5838,6894,0,0,0,0,0
2,-90,10.199,89,427341,31,26,30,47900,0,0,0,0,0,38,416,-5838,6894,0,0,0,0,0
2,-90,10.246,90,427393,31,26,30,47900,0,0,0,0,0,38,416,-5838,6894,0,0,0,0,0
2,-90,10.303,91,427449,31,26,30,47900,0,0,0,0,0,38,416,-5838,6894,0,0,0,0,0
2,-90,10.362,92,427505,31,26,30,47900,0,0,0,0,0,38,416,-5838,6894,0,0,0,0,0
2,-90,10.416,93,427561,31,26,30,47900,0,0,0,0,0,38,416,-5838,6894,0,0,0,0,0
2,-90,10.477,94,427617,31,26,30,47900,0,0,0,0,0,38,416,-5838,6894,0,0,0,0,0
2,-90,10.527,95,427673,31,26,30,47900,0,0,0,0,0,38,416,-5838,6894,0,0,0,0,0
2,-90,10.584,96,427729,31,26,30,47900,0,0,0,0,0,38,416,-5838,6894,0,0,0,0,0
2,-90,10.651,97,427785,31,26,30,47900,0,0,0,0,0,38,416,-5838,6894,0,0,0,0,0
2,-90,11.869,98,427841,31,26,30,47900,0,0,0,0,0,38,416,-5838,6894,0,0,0,0,0
2,-90,11.869,99,427897,31,26,30,47900,0,0,0,0,0,38,416,-5838,6894,0,0,0,0,0
2,-90,11.869,100,427953,31,26,30,47900,0,0,0,0,0,38,416,-5838,6894,0,0,0,0,0
2,-90,11.869,101,428009,31,26,30,47900,0,0,0,0,0,38,416,-5838,6894,0,0,0,0,0
2,-90,11.869,102,428065,31,26,30,47900,0,0,0,0,0,38,416,-5838,6894,0,0,0,0,0
2,-90,11.869,103,428121,31,26,30,47900,0,0,0,0,0,38,416,-5838,6894,0,0,0,0,0
2,-90,11.869,104,428177,31,26,30,47900,0,0,0,0,0,38,416,-5838,6894,0,0,0,0,0
2,-90,11.869,105,428233,31,26,30,47900,0,0,0,0,0,38,416,-5838,6894,0,0,0,0,0
2,-90,11.869,106,428289,31,26,30,47900,0,0,0,0,0,38,416,-5838,6894,0,0,0,0,0
2,-90,11.869,107,428345,31,26,30,47900,0,0,0,0,0,38,416,-5838,6894,0,0,0,0,0
2,-90,11.869,109,428453,31,26,30,47900,0,0,0,0,0,38,416,-5838,6894,0,0,0,0,0
2,-90,11.869,110,428509,31,26,30,47900,0,0,0,0,0,38,416,-5838,6894,0,0,0,0,0
2,-90,11.869,111,428565,31,26,30,47900,0,0,0,0,0,38,416,-5838,6894,0,0,0,0,0
2,-90,11.869,112,428621,31,26,30,47900,0,0,0,0,0,38,416,-5838,6894,0,0,0,0,0
2,-90,11.869,113,428677,31,26,30,47900,0,0,0,0,0,38,416,-5838,6894,0,0,0,0,0
2,-90,11.869,114,428733,31,26,30,47900,0,0,0,0,0,38,416,-5838,6894,0,0,0,0,0
2,-90,11.869,115,428789,31,26,30,47900,0,0,0,0,0,38,416,-5838,6894,0,0,0,0,0
2,-90,11.869,116,428845,31,26,30,47900,0,0,0,0,0,38,416,-5838,6894,0,0,0,0,0
2,-90,11.869,117,428901,31,26,30,47900,0,0,0,0,0,38,416,-5838,6894,0,0,0,0,0
2,-90,11.869,118,428957,31,26,30,47900,0,0,0,0,0,38,416,-5838,6894,0,0,0,0,0
